ID,Make,Model,Image Url,New Price,Faulty Price,Working Unlocked Price,Working EE Price,Working O2 Price,Working Vodafone Price,Working Orange Price,Working T-Mobile Price,Working Three Price,Working Tesco Price,Working Other Network Price
701,Apple,Apple iPhone 12 256GB,wr-m6/uploads/product1604656299.webp,280,0,280,0,0,0,0,0,0,0,0
36,Apple,Apple iPhone 11 256GB,wr-m6/uploads/product1568373552.webp,200,0,200,0,0,0,0,0,0,0,0
37,Apple,Apple iPhone 11 Pro 512GB,wr-m6/uploads/product1568373171.webp,220,0,220,0,0,0,0,0,0,0,0
39,Samsung,Samsung Galaxy S10 512GB,wr-m6/uploads/product1568445898.webp,100,0,100,0,0,0,0,0,0,0,0
40,Samsung,Samsung Galaxy S10 Plus 1TB,wr-m6/uploads/product1568446243.webp,100,0,100,0,0,0,0,0,0,0,0
76,Samsung,Samsung Galaxy A50 128GB,wr-m6/uploads/product1568623943.webp,55,0,55,0,0,0,0,0,0,0,0
1616,One Plus,OnePlus 11                       512GB,wr-m6/uploads/product1683723112.webp,200,0,200,0,0,0,0,0,0,0,0
107,Samsung,Samsung Galaxy A20 32GB,wr-m6/uploads/product1568712519.webp,12,0,12,0,0,0,0,0,0,0,0
108,Samsung,Samsung Galaxy A30 64GB,wr-m6/uploads/product1568712757.webp,17,0,17,0,0,0,0,0,0,0,0
108,Samsung,Samsung Galaxy A30 32GB,wr-m6/uploads/product1568712757.webp,12,0,12,0,0,0,0,0,0,0,0
109,Samsung,Samsung Galaxy A30s 128GB,wr-m6/uploads/product1568713179.webp,25,0,25,0,0,0,0,0,0,0,0
109,Samsung,Samsung Galaxy A30s 64GB,wr-m6/uploads/product1568713179.webp,40,0,40,0,0,0,0,0,0,0,0
115,Samsung,Samsung Galaxy A70 128GB,wr-m6/uploads/product1568715775.webp,58,0,58,0,0,0,0,0,0,0,0
146,Samsung,Samsung Galaxy Note 10 plus 512GB,wr-m6/uploads/product1568803763.webp,100,0,100,0,0,0,0,0,0,0,0
146,Samsung,Samsung Galaxy Note 10 plus 256GB,wr-m6/uploads/product1568803763.webp,90,0,90,0,0,0,0,0,0,0,0
147,Samsung,Samsung Galaxy Note 10 256GB,wr-m6/uploads/product1568804262.webp,80,0,80,0,0,0,0,0,0,0,0
149,Samsung,Samsung Galaxy Note 10 plus 5G 512GB,wr-m6/uploads/product1568805257.webp,150,0,150,0,0,0,0,0,0,0,0
149,Samsung,Samsung Galaxy Note 10 plus 5G 256GB,wr-m6/uploads/product1568805257.webp,140,0,140,0,0,0,0,0,0,0,0
665,Samsung,Samsung Galaxy S20 Plus 5G 512GB,wr-m6/uploads/product1587506103.webp,80,0,80,0,0,0,0,0,0,0,0
802,Samsung,Samsung Galaxy A12 128GB,wr-m6/uploads/product1641290337.webp,30,0,30,0,0,0,0,0,0,0,0
897,Samsung,Samsung Galaxy A23 128GB,wr-m6/uploads/product1655387954.webp,40,0,40,0,0,0,0,0,0,0,0
183,Huawei,Huawei Y6 Pro 2019 32GB,wr-m6/uploads/product1568962571.webp,10,0,10,0,0,0,0,0,0,0,0
184,Huawei,Huawei Y6 (2019) 32GB,wr-m6/uploads/product1568963717.webp,20,0,20,0,0,0,0,0,0,0,0
186,Huawei,Huawei Y7 2019 32GB,wr-m6/uploads/product1568965372.webp,10,0,10,0,0,0,0,0,0,0,0
40,Samsung,Samsung Galaxy S10 Plus 512GB,wr-m6/uploads/product1568446243.webp,90,0,90,0,0,0,0,0,0,0,0
41,Samsung,Samsung Galaxy S10 5G 512GB,wr-m6/uploads/product1568447058.webp,100,0,100,0,0,0,0,0,0,0,0
43,Samsung,Samsung Galaxy S10e 256GB,wr-m6/uploads/product1568447769.webp,15,0,15,0,0,0,0,0,0,0,0
218,Huawei,HONOR 8S 64GB,wr-m6/uploads/product1569399304.webp,5,0,5,0,0,0,0,0,0,0,0
218,Huawei,HONOR 8S 32GB,wr-m6/uploads/product1569399304.webp,5,0,5,0,0,0,0,0,0,0,0
222,Huawei,HONOR PLAY 8A 64GB,wr-m6/uploads/product1569402003.webp,8,0,8,0,0,0,0,0,0,0,0
222,Huawei,HONOR PLAY 8A 32GB,wr-m6/uploads/product1569402003.webp,5,0,5,0,0,0,0,0,0,0,0
1018,One Plus,OnePlus 9 Pro 256GB,wr-m6/uploads/product1657885058.webp,177,0,177,0,0,0,0,0,0,0,0
116,Samsung,Samsung Galaxy A80 128GB,wr-m6/uploads/product1568716051.webp,74,0,74,0,0,0,0,0,0,0,0
235,Google Pixel,Google pixel 3a 64GB,wr-m6/uploads/product1569488503.webp,24,0,24,0,0,0,0,0,0,0,0
239,Google Pixel,Google pixel 3a xl 64GB,wr-m6/uploads/product1569490352.webp,25,0,25,0,0,0,0,0,0,0,0
243,One Plus,OnePlus 7 Pro 256GB,wr-m6/uploads/product1569495433.webp,90,0,90,0,0,0,0,0,0,0,0
244,One Plus,OnePlus 7 256GB,wr-m6/uploads/product1569495727.webp,25,0,25,0,0,0,0,0,0,0,0
673,Samsung,Samsung Galaxy Note 20 5G 256GB,wr-m6/uploads/product1600700045.webp,190,0,190,0,0,0,0,0,0,0,0
849,Oppo,Oppo Find X3 Lite 128GB,wr-m6/uploads/product1676975655.webp,15,0,15,0,0,0,0,0,0,0,0
672,Samsung,Samsung Galaxy Note 20 4G 256GB,wr-m6/uploads/product1600698809.webp,150,0,150,0,0,0,0,0,0,0,0
254,Sony,Sony Xperia 1 128GB,wr-m6/uploads/product1569572452.webp,0,0,0,0,0,0,0,0,0,0,0
267,Sony,Sony Xperia 10 64GB,wr-m6/uploads/product1569684014.webp,0,0,0,0,0,0,0,0,0,0,0
271,Sony,Sony Xperia 10 Plus 64GB,wr-m6/uploads/product1569691136.webp,0,0,0,0,0,0,0,0,0,0,0
284,Sony,Sony Xperia X Performance  64GB,wr-m6/uploads/product1569699050.webp,0,0,0,0,0,0,0,0,0,0,0
43,Samsung,Samsung Galaxy S10e 128GB,wr-m6/uploads/product1568447769.webp,50,0,50,0,0,0,0,0,0,0,0
110,Samsung,Samsung Galaxy A40 64GB,wr-m6/uploads/product1568713360.webp,40,0,40,0,0,0,0,0,0,0,0
109,Samsung,Samsung Galaxy A30s 32GB,wr-m6/uploads/product1568713179.webp,20,0,20,0,0,0,0,0,0,0,0
105,Samsung,Samsung Galaxy A10s 32GB,wr-m6/uploads/product1568712028.webp,15,0,15,0,0,0,0,0,0,0,0
104,Samsung,Samsung Galaxy A10  32GB,wr-m6/uploads/product1568711674.webp,20,0,20,0,0,0,0,0,0,0,0
700,Apple,Apple iPhone 12 Mini 64GB,wr-m6/uploads/product1604655780.webp,180,0,180,0,0,0,0,0,0,0,0
1613,Samsung,Samsung Galaxy A14 64GB,wr-m6/uploads/product1680955154.webp,75,0,75,0,0,0,0,0,0,0,0
840,Samsung,Samsung Galaxy A32 5G 128GB,wr-m6/uploads/product1644064690.webp,108,0,108,0,0,0,0,0,0,0,0
1452,Samsung,Samsung Galaxy S23 Ultra 1TB,wr-m6/uploads/product1676457024.webp,530,0,530,0,0,0,0,0,0,0,0
857,Oppo,Oppo Find X2 Lite 128GB,wr-m6/uploads/product1648217535.webp,15,0,15,0,0,0,0,0,0,0,0
1158,Samsung,Samsung Galaxy Z Fold4 1TB,wr-m6/uploads/product1674741226.webp,420,0,420,0,0,0,0,0,0,0,0
507,Samsung,Samsung Galaxy A20s 64GB,wr-m6/uploads/product1571646932.webp,15,0,15,0,0,0,0,0,0,0,0
508,Samsung,Samsung Galaxy A90 5G 128GB,wr-m6/uploads/product1571647284.webp,115,0,115,0,0,0,0,0,0,0,0
509,Samsung,Samsung Galaxy A70s 128GB,wr-m6/uploads/product1571647536.webp,20,0,20,0,0,0,0,0,0,0,0
521,Sony,Sony Xperia 5 128GB,wr-m6/uploads/product1571656425.webp,0,0,0,0,0,0,0,0,0,0,0
522,One Plus,OnePlus 7T Pro 256GB,wr-m6/uploads/product1571657281.webp,70,0,70,0,0,0,0,0,0,0,0
114,Samsung,Samsung Galaxy A60 128GB,wr-m6/uploads/product1568715593.webp,22,0,22,0,0,0,0,0,0,0,0
170,Huawei,Huawei P Smart (2019) 64GB,wr-m6/uploads/product1568882942.webp,25,0,25,0,0,0,0,0,0,0,0
781,Apple,Apple iPhone 13 Pro 1TB,wr-m6/uploads/product1635602914.webp,560,0,560,0,0,0,0,0,0,0,0
1616,One Plus,OnePlus 11                       256GB,wr-m6/uploads/product1683723112.webp,180,0,180,0,0,0,0,0,0,0,0
254,Sony,Sony Xperia 1 64GB,wr-m6/uploads/product1569572452.webp,0,0,0,0,0,0,0,0,0,0,0
664,Samsung,Samsung Galaxy A71 128GB,wr-m6/uploads/product1587069252.webp,82,0,82,0,0,0,0,0,0,0,0
284,Sony,Sony Xperia X Performance  32GB,wr-m6/uploads/product1569699050.webp,0,0,0,0,0,0,0,0,0,0,0
40,Samsung,Samsung Galaxy S10 Plus 128GB,wr-m6/uploads/product1568446243.webp,80,0,80,0,0,0,0,0,0,0,0
507,Samsung,Samsung Galaxy A20s 32GB,wr-m6/uploads/product1571646932.webp,10,0,10,0,0,0,0,0,0,0,0
113,Samsung,Samsung Galaxy A50s 128GB,wr-m6/uploads/product1568715295.webp,20,0,20,0,0,0,0,0,0,0,0
148,Samsung,Samsung Galaxy Note 10 5G 256GB,wr-m6/uploads/product1568804650.webp,60,0,60,0,0,0,0,0,0,0,0
106,Samsung,Samsung Galaxy A20e 32GB,wr-m6/uploads/product1568712242.webp,25,0,25,0,0,0,0,0,0,0,0
173,Huawei,Huawei P30 Pro (2019) 512GB,wr-m6/uploads/product1568885023.webp,120,0,120,0,0,0,0,0,0,0,0
37,Apple,Apple iPhone 11 Pro 256GB,wr-m6/uploads/product1568373171.webp,200,0,200,0,0,0,0,0,0,0,0
114,Samsung,Samsung Galaxy A60 64GB,wr-m6/uploads/product1568715593.webp,17,0,17,0,0,0,0,0,0,0,0
1618,Google Pixel,Google Pixel 7a 128GB,wr-m6/uploads/product1683887541.webp,150,0,150,0,0,0,0,0,0,0,0
1159,Samsung,Samsung Galaxy Z Flip4 512GB,wr-m6/uploads/product1674741526.webp,250,0,250,0,0,0,0,0,0,0,0
663,Samsung,Samsung Galaxy Note 10 Lite 128GB,wr-m6/uploads/product1586780748.webp,80,0,80,0,0,0,0,0,0,0,0
665,Samsung,Samsung Galaxy S20 Plus 5G 256GB,wr-m6/uploads/product1587506103.webp,70,0,70,0,0,0,0,0,0,0,0
666,Samsung,Samsung Galaxy S20 Plus 128GB,wr-m6/uploads/product1587506834.webp,40,0,40,0,0,0,0,0,0,0,0
667,Samsung,Samsung Galaxy S20 5G 128GB,wr-m6/uploads/product1587507724.webp,120,0,120,0,0,0,0,0,0,0,0
669,Samsung,Samsung Galaxy S20 128GB,wr-m6/uploads/product1587510145.webp,100,0,100,0,0,0,0,0,0,0,0
670,Apple,Apple iPhone SE 2020 256GB,wr-m6/uploads/product1588317249.webp,100,0,100,0,0,0,0,0,0,0,0
38,Apple,Apple iPhone 11 Pro Max 512GB,wr-m6/uploads/product1568373196.webp,300,0,300,0,0,0,0,0,0,0,0
699,Samsung,Samsung Galaxy Note 20 Ultra 5G 512GB,wr-m6/uploads/product1602595436.webp,250,0,250,0,0,0,0,0,0,0,0
700,Apple,Apple iPhone 12 Mini 256GB,wr-m6/uploads/product1604655780.webp,200,0,200,0,0,0,0,0,0,0,0
701,Apple,Apple iPhone 12 128GB,wr-m6/uploads/product1604656299.webp,260,0,260,0,0,0,0,0,0,0,0
701,Apple,Apple iPhone 12 64GB,wr-m6/uploads/product1604656299.webp,240,0,240,0,0,0,0,0,0,0,0
702,Apple,Apple iPhone 12 Pro 512GB,wr-m6/uploads/product1604656888.webp,320,0,320,0,0,0,0,0,0,0,0
702,Apple,Apple iPhone 12 Pro 256GB,wr-m6/uploads/product1604656888.webp,310,0,310,0,0,0,0,0,0,0,0
702,Apple,Apple iPhone 12 Pro 128GB,wr-m6/uploads/product1604656888.webp,300,0,300,0,0,0,0,0,0,0,0
703,Apple,Apple iPhone 12 Pro Max 512GB,wr-m6/uploads/product1604657269.webp,400,0,400,0,0,0,0,0,0,0,0
703,Apple,Apple iPhone 12 Pro Max 256GB,wr-m6/uploads/product1604657269.webp,380,0,380,0,0,0,0,0,0,0,0
703,Apple,Apple iPhone 12 Pro Max 128GB,wr-m6/uploads/product1604657269.webp,360,0,360,0,0,0,0,0,0,0,0
706,Samsung,Samsung Galaxy S10 Lite 512GB,wr-m6/uploads/product1606389114.webp,30,0,30,0,0,0,0,0,0,0,0
822,Oppo,Oppo Reno4 Z 5G 2020 128GB,wr-m6/uploads/product1665396969.webp,45,0,45,0,0,0,0,0,0,0,0
707,Samsung,Samsung Galaxy Z Flip 256GB,wr-m6/uploads/product1606734316.webp,40,0,40,0,0,0,0,0,0,0,0
735,Samsung,samsung galaxy S21 ultra 5G 512GB,wr-m6/uploads/product1615374882.webp,250,0,250,0,0,0,0,0,0,0,0
736,Samsung,Samsung Galaxy S21 Plus 5G  256GB,wr-m6/uploads/product1615375157.webp,200,0,200,0,0,0,0,0,0,0,0
113,Samsung,Samsung Galaxy A50s 64GB,wr-m6/uploads/product1568715295.webp,15,0,15,0,0,0,0,0,0,0,0
802,Samsung,Samsung Galaxy A12 64GB,wr-m6/uploads/product1641290337.webp,40,0,40,0,0,0,0,0,0,0,0
738,One Plus,OnePlus 8 Pro 256GB,wr-m6/uploads/product1615650534.webp,157,0,157,0,0,0,0,0,0,0,0
740,Google Pixel,Google Pixel 4 XL 128GB,wr-m6/uploads/product1615662725.webp,65,0,65,0,0,0,0,0,0,0,0
741,Google Pixel,Google Pixel 4a 128GB,wr-m6/uploads/product1615663217.webp,60,0,60,0,0,0,0,0,0,0,0
742,Google Pixel,Google Pixel 4a 5G 128GB,wr-m6/uploads/product1615729765.webp,55,0,55,0,0,0,0,0,0,0,0
743,Google Pixel,Google Pixel 5 128GB,wr-m6/uploads/product1615730519.webp,100,0,100,0,0,0,0,0,0,0,0
760,Sony,Sony Xperia 5 II 256GB,wr-m6/uploads/product1625478262.webp,0,0,0,0,0,0,0,0,0,0,0
761,Sony,Sony Xperia 10 ii 128GB,wr-m6/uploads/product1625479541.webp,0,0,0,0,0,0,0,0,0,0,0
762,Sony,Sony Xperia 1 II 5G  256GB,wr-m6/uploads/product1625479780.webp,0,0,0,0,0,0,0,0,0,0,0
763,Samsung,Samsung Galaxy A72 256GB,wr-m6/uploads/product1625834594.webp,120,0,120,0,0,0,0,0,0,0,0
763,Samsung,Samsung Galaxy A72 128GB,wr-m6/uploads/product1625834594.webp,101,0,101,0,0,0,0,0,0,0,0
764,Samsung,Samsung Galaxy A52 5G 256GB,wr-m6/uploads/product1625838861.webp,138,0,138,0,0,0,0,0,0,0,0
764,Samsung,Samsung Galaxy A52 5G 128GB,wr-m6/uploads/product1625838861.webp,141,0,141,0,0,0,0,0,0,0,0
1348,Google Pixel,Google Pixel 7 Pro 256GB,wr-m6/uploads/product1666429931.webp,410,0,410,0,0,0,0,0,0,0,0
775,Samsung,Samsung Galaxy A41 64GB,wr-m6/uploads/product1629125483.webp,60,0,60,0,0,0,0,0,0,0,0
1607,Samsung,Samsung Galaxy A54 256GB,wr-m6/uploads/product1680528505.webp,200,0,200,0,0,0,0,0,0,0,0
670,Apple,Apple iPhone SE 2020 128GB,wr-m6/uploads/product1588317249.webp,90,0,90,0,0,0,0,0,0,0,0
1237,Oppo,Oppo A57 4G 128GB,wr-m6/uploads/product1663848193.webp,60,0,60,0,0,0,0,0,0,0,0
670,Apple,Apple iPhone SE 2020 64GB,wr-m6/uploads/product1588317249.webp,80,0,80,0,0,0,0,0,0,0,0
1017,One Plus,OnePlus 9 256GB,wr-m6/uploads/product1657884963.webp,111,0,111,0,0,0,0,0,0,0,0
779,Apple,Apple iPhone 13 mini 512GB,wr-m6/uploads/product1632308021.webp,350,0,350,0,0,0,0,0,0,0,0
779,Apple,Apple iPhone 13 mini 256GB,wr-m6/uploads/product1632308021.webp,330,0,330,0,0,0,0,0,0,0,0
779,Apple,Apple iPhone 13 mini 128GB,wr-m6/uploads/product1632308021.webp,320,0,320,0,0,0,0,0,0,0,0
780,Apple,Apple iPhone 13 512GB,wr-m6/uploads/product1635602117.webp,450,0,450,0,0,0,0,0,0,0,0
780,Apple,Apple iPhone 13 256GB,wr-m6/uploads/product1635602117.webp,430,0,430,0,0,0,0,0,0,0,0
781,Apple,Apple iPhone 13 Pro 512GB,wr-m6/uploads/product1635602914.webp,550,0,550,0,0,0,0,0,0,0,0
781,Apple,Apple iPhone 13 Pro 256GB,wr-m6/uploads/product1635602914.webp,530,0,530,0,0,0,0,0,0,0,0
781,Apple,Apple iPhone 13 Pro 128GB,wr-m6/uploads/product1635602914.webp,500,0,500,0,0,0,0,0,0,0,0
780,Apple,Apple iPhone 13 128GB,wr-m6/uploads/product1635602117.webp,400,0,400,0,0,0,0,0,0,0,0
782,Apple,Apple iPhone 13 Pro Max 1TB,wr-m6/uploads/product1632307799.webp,650,0,650,0,0,0,0,0,0,0,0
782,Apple,Apple iPhone 13 Pro Max 512GB,wr-m6/uploads/product1632307799.webp,630,0,630,0,0,0,0,0,0,0,0
782,Apple,Apple iPhone 13 Pro Max 256GB,wr-m6/uploads/product1632307799.webp,610,0,610,0,0,0,0,0,0,0,0
782,Apple,Apple iPhone 13 Pro Max 128GB,wr-m6/uploads/product1632307799.webp,590,0,590,0,0,0,0,0,0,0,0
173,Huawei,Huawei P30 Pro (2019) 128GB,wr-m6/uploads/product1568885023.webp,100,0,100,0,0,0,0,0,0,0,0
739,Google Pixel,Google Pixel 4 128GB,wr-m6/uploads/product1615662447.webp,55,0,55,0,0,0,0,0,0,0,0
41,Samsung,Samsung Galaxy S10 5G 256GB,wr-m6/uploads/product1568447058.webp,90,0,90,0,0,0,0,0,0,0,0
38,Apple,Apple iPhone 11 Pro Max 256GB,wr-m6/uploads/product1568373196.webp,280,0,280,0,0,0,0,0,0,0,0
38,Apple,Apple iPhone 11 Pro Max 64GB,wr-m6/uploads/product1568373196.webp,250,0,250,0,0,0,0,0,0,0,0
786,Google Pixel,Google Pixel 6 256GB,wr-m6/uploads/product1634823798.webp,200,0,200,0,0,0,0,0,0,0,0
737,One Plus,OnePlus 8 5G 256GB,wr-m6/uploads/product1615650334.webp,70,0,70,0,0,0,0,0,0,0,0
1555,Realme,Realme Q2 Pro 256GB,wr-m6/uploads/product1677326869.webp,100,0,100,0,0,0,0,0,0,0,0
738,One Plus,OnePlus 8 Pro 128GB,wr-m6/uploads/product1615650534.webp,161,0,161,0,0,0,0,0,0,0,0
803,Samsung,Samsung Galaxy A42 5G 128GB,wr-m6/uploads/product1641311460.webp,70,0,70,0,0,0,0,0,0,0,0
804,Xiaomi,Xiaomi Mi 10T Lite 128GB,wr-m6/uploads/product1641902399.webp,30,0,30,0,0,0,0,0,0,0,0
806,Xiaomi,Xiaomi Redmi Note 11 Pro 256GB,wr-m6/uploads/product1642067718.webp,105,0,105,0,0,0,0,0,0,0,0
807,Xiaomi,Xiaomi Redmi Note 11 5G 256GB,wr-m6/uploads/product1642068027.webp,60,0,60,0,0,0,0,0,0,0,0
808,Xiaomi,Xiaomi 11i 5G 256GB,wr-m6/uploads/product1642068403.webp,40,0,40,0,0,0,0,0,0,0,0
809,Xiaomi,Xiaomi 12 5G 256GB,wr-m6/uploads/product1642068640.webp,100,0,100,0,0,0,0,0,0,0,0
813,Xiaomi,Xiaomi Redmi Note 11 128GB,wr-m6/uploads/product1642069921.webp,45,0,45,0,0,0,0,0,0,0,0
844,Oppo,Oppo Find X3 Pro 512GB,wr-m6/uploads/product1646664354.webp,150,0,150,0,0,0,0,0,0,0,0
815,Xiaomi,Xiaomi Redmi Note 11 Pro Plus 256GB,wr-m6/uploads/product1642071993.webp,60,0,60,0,0,0,0,0,0,0,0
817,Samsung,Samsung Galaxy Z Flip 5G 256GB,wr-m6/uploads/product1642172090.webp,60,0,60,0,0,0,0,0,0,0,0
818,Huawei,Huawei P40 lite 128GB,wr-m6/uploads/product1642436882.webp,50,0,50,0,0,0,0,0,0,0,0
815,Xiaomi,Xiaomi Redmi Note 11 Pro Plus 128GB,wr-m6/uploads/product1642071993.webp,50,0,50,0,0,0,0,0,0,0,0
811,Xiaomi,Xiaomi 12X 5G 256GB,wr-m6/uploads/product1642069328.webp,200,0,200,0,0,0,0,0,0,0,0
809,Xiaomi,Xiaomi 12 5G 128GB,wr-m6/uploads/product1642068640.webp,60,0,60,0,0,0,0,0,0,0,0
806,Xiaomi,Xiaomi Redmi Note 11 Pro 128GB,wr-m6/uploads/product1642067718.webp,100,0,100,0,0,0,0,0,0,0,0
807,Xiaomi,Xiaomi Redmi Note 11 5G 128GB,wr-m6/uploads/product1642068027.webp,50,0,50,0,0,0,0,0,0,0,0
706,Samsung,Samsung Galaxy S10 Lite 128GB,wr-m6/uploads/product1606389114.webp,70,0,70,0,0,0,0,0,0,0,0
840,Samsung,Samsung Galaxy A32 5G 64GB,wr-m6/uploads/product1644064690.webp,82,0,82,0,0,0,0,0,0,0,0
174,Huawei,Huawei P30 Lite  256GB,wr-m6/uploads/product1568885340.webp,60,0,60,0,0,0,0,0,0,0,0
841,Xiaomi,Xiaomi Redmi Note 10 Pro 128GB,wr-m6/uploads/product1645530705.webp,60,0,60,0,0,0,0,0,0,0,0
37,Apple,Apple iPhone 11 Pro 64GB,wr-m6/uploads/product1568373171.webp,190,0,190,0,0,0,0,0,0,0,0
36,Apple,Apple iPhone 11 128GB,wr-m6/uploads/product1568373552.webp,190,0,190,0,0,0,0,0,0,0,0
36,Apple,Apple iPhone 11 64GB,wr-m6/uploads/product1568373552.webp,180,0,180,0,0,0,0,0,0,0,0
844,Oppo,Oppo Find X3 Pro 256GB,wr-m6/uploads/product1646664354.webp,200,0,200,0,0,0,0,0,0,0,0
845,Oppo,Oppo Find X2 Pro 512GB,wr-m6/uploads/product1646665004.webp,105,0,105,0,0,0,0,0,0,0,0
846,Oppo,Oppo Reno 4 Z 5G 128GB,wr-m6/uploads/product1646665724.webp,45,0,45,0,0,0,0,0,0,0,0
740,Google Pixel,Google Pixel 4 XL 64GB,wr-m6/uploads/product1615662725.webp,59,0,59,0,0,0,0,0,0,0,0
847,Samsung,Samsung Galaxy S22 Ultra 5G 1TB,wr-m6/uploads/product1646746302.webp,500,0,500,0,0,0,0,0,0,0,0
847,Samsung,Samsung Galaxy S22 Ultra 5G 512GB,wr-m6/uploads/product1646746302.webp,490,0,490,0,0,0,0,0,0,0,0
847,Samsung,Samsung Galaxy S22 Ultra 5G 256GB,wr-m6/uploads/product1646746302.webp,460,0,460,0,0,0,0,0,0,0,0
737,One Plus,OnePlus 8 5G 128GB,wr-m6/uploads/product1615650334.webp,60,0,60,0,0,0,0,0,0,0,0
851,Huawei,Huawei P40 Lite 5G 128GB,wr-m6/uploads/product1648128208.webp,35,0,35,0,0,0,0,0,0,0,0
848,Samsung,Samsung Galaxy S20 Ultra 5G 512GB,wr-m6/uploads/product1646840950.webp,200,0,200,0,0,0,0,0,0,0,0
853,Samsung,Samsung Galaxy S22+ 5G 128GB,wr-m6/uploads/product1648143674.webp,340,0,340,0,0,0,0,0,0,0,0
854,Samsung,Samsung Galaxy Z Fold3 5G 512GB,wr-m6/uploads/product1648213015.webp,300,0,300,0,0,0,0,0,0,0,0
855,Oppo,Oppo Find X2 Neo 256GB,wr-m6/uploads/product1648214242.webp,15,0,15,0,0,0,0,0,0,0,0
856,Oppo,Oppo Reno 2 256GB,wr-m6/uploads/product1648217149.webp,25,0,25,0,0,0,0,0,0,0,0
662,Samsung,Samsung Galaxy A51 128GB,wr-m6/uploads/product1584705907.webp,50,0,50,0,0,0,0,0,0,0,0
861,Samsung,Samsung Galaxy A51 5G 128GB,wr-m6/uploads/product1648220483.webp,73,0,73,0,0,0,0,0,0,0,0
863,One Plus,OnePlus Nord 2 5G 256GB,wr-m6/uploads/product1649957726.webp,107,0,107,0,0,0,0,0,0,0,0
863,One Plus,OnePlus Nord 2 5G 128GB,wr-m6/uploads/product1649957726.webp,100,0,100,0,0,0,0,0,0,0,0
864,One Plus,OnePlus Nord 256GB,wr-m6/uploads/product1649958596.webp,100,0,100,0,0,0,0,0,0,0,0
864,One Plus,OnePlus Nord 128GB,wr-m6/uploads/product1649958596.webp,85,0,85,0,0,0,0,0,0,0,0
865,Samsung,Samsung Galaxy A22 5G 128GB,wr-m6/uploads/product1649958894.webp,63,0,63,0,0,0,0,0,0,0,0
865,Samsung,Samsung Galaxy A22 5G 64GB,wr-m6/uploads/product1649958894.webp,62,0,62,0,0,0,0,0,0,0,0
867,Samsung,Samsung Galaxy A13 128GB,wr-m6/uploads/product1650020889.webp,58,0,58,0,0,0,0,0,0,0,0
868,Samsung,Samsung Galaxy A53 5G 128GB,wr-m6/uploads/product1650021162.webp,150,0,150,0,0,0,0,0,0,0,0
869,Huawei,Huawei Mate 30 Pro 256GB,wr-m6/uploads/product1650021492.webp,65,0,65,0,0,0,0,0,0,0,0
243,One Plus,OnePlus 7 Pro 128GB,wr-m6/uploads/product1569495433.webp,70,0,70,0,0,0,0,0,0,0,0
874,Huawei,Huawei Mate X2 512GB,wr-m6/uploads/product1652792668.webp,60,0,60,0,0,0,0,0,0,0,0
874,Huawei,Huawei Mate X2 256GB,wr-m6/uploads/product1652792668.webp,50,0,50,0,0,0,0,0,0,0,0
875,Huawei,Huawei P40 Pro Plus 5G  512GB,wr-m6/uploads/product1652792877.webp,100,0,100,0,0,0,0,0,0,0,0
875,Huawei,Huawei P40 Pro Plus 5G  256GB,wr-m6/uploads/product1652792877.webp,80,0,80,0,0,0,0,0,0,0,0
877,Xiaomi,Xiaomi Redmi Note 10S 128GB,wr-m6/uploads/product1652978418.webp,70,0,70,0,0,0,0,0,0,0,0
877,Xiaomi,Xiaomi Redmi Note 10S 64GB,wr-m6/uploads/product1652978418.webp,50,0,50,0,0,0,0,0,0,0,0
842,Xiaomi,Xiaomi Redmi Note 9 64GB,wr-m6/uploads/product1645531001.webp,10,0,10,0,0,0,0,0,0,0,0
878,Xiaomi,Xiaomi Mi 10T Pro 5G 256GB,wr-m6/uploads/product1652979257.webp,60,0,60,0,0,0,0,0,0,0,0
878,Xiaomi,Xiaomi Mi 10T Pro 5G 128GB,wr-m6/uploads/product1652979257.webp,50,0,50,0,0,0,0,0,0,0,0
879,Xiaomi,Xiaomi MI 9T 128GB,wr-m6/uploads/product1653059759.webp,50,0,50,0,0,0,0,0,0,0,0
879,Xiaomi,Xiaomi MI 9T 64GB,wr-m6/uploads/product1653059759.webp,40,0,40,0,0,0,0,0,0,0,0
881,Xiaomi,Xiaomi Mi 11 Lite 5G 256GB,wr-m6/uploads/product1653060697.webp,50,0,50,0,0,0,0,0,0,0,0
882,Xiaomi,Xiaomi Mi Mix 3 5G 128GB,wr-m6/uploads/product1653061302.webp,60,0,60,0,0,0,0,0,0,0,0
882,Xiaomi,Xiaomi Mi Mix 3 5G 64GB,wr-m6/uploads/product1653061302.webp,30,0,30,0,0,0,0,0,0,0,0
810,Xiaomi,Xiaomi 12 Pro 5G 256GB,wr-m6/uploads/product1642068962.webp,120,0,120,0,0,0,0,0,0,0,0
883,Xiaomi,Xiaomi Mi 9T Pro 256GB,wr-m6/uploads/product1656690046.webp,50,0,50,0,0,0,0,0,0,0,0
883,Xiaomi,Xiaomi Mi 9T Pro 128GB,wr-m6/uploads/product1656690046.webp,45,0,45,0,0,0,0,0,0,0,0
884,Xiaomi,Xiaomi Mi 11 Ultra 5G 512GB,wr-m6/uploads/product1653062030.webp,176,0,176,0,0,0,0,0,0,0,0
884,Xiaomi,Xiaomi Mi 11 Ultra 5G 256GB,wr-m6/uploads/product1653062030.webp,171,0,171,0,0,0,0,0,0,0,0
885,Xiaomi,Xiaomi Mi A3 128GB,wr-m6/uploads/product1653133382.webp,10,0,10,0,0,0,0,0,0,0,0
885,Xiaomi,Xiaomi Mi A3 64GB,wr-m6/uploads/product1653133382.webp,15,0,15,0,0,0,0,0,0,0,0
886,Xiaomi,Xiaomi Mi 9 SE 256GB,wr-m6/uploads/product1653133568.webp,20,0,20,0,0,0,0,0,0,0,0
886,Xiaomi,Xiaomi Mi 9 SE 128GB,wr-m6/uploads/product1653133568.webp,15,0,15,0,0,0,0,0,0,0,0
887,Oppo,Oppo Find X3 Neo 256GB,wr-m6/uploads/product1653134581.webp,135,0,135,0,0,0,0,0,0,0,0
887,Oppo,Oppo Find X3 Neo 128GB,wr-m6/uploads/product1653134581.webp,103,0,103,0,0,0,0,0,0,0,0
888,Oppo,Oppo Reno 3  128GB,wr-m6/uploads/product1653134870.webp,15,0,15,0,0,0,0,0,0,0,0
889,Oppo,Oppo Reno3 Pro 256GB,wr-m6/uploads/product1653135148.webp,30,0,30,0,0,0,0,0,0,0,0
889,Oppo,Oppo Reno3 Pro 128GB,wr-m6/uploads/product1653135148.webp,20,0,20,0,0,0,0,0,0,0,0
890,Oppo,Oppo Find X2 256GB,wr-m6/uploads/product1653135443.webp,45,0,45,0,0,0,0,0,0,0,0
805,Xiaomi,Xiaomi Redmi 9 64GB,wr-m6/uploads/product1676460374.webp,12,0,12,0,0,0,0,0,0,0,0
866,Samsung,Samsung Galaxy S21 FE 5G 512GB,wr-m6/uploads/product1649959120.webp,40,0,40,0,0,0,0,0,0,0,0
1159,Samsung,Samsung Galaxy Z Flip4 256GB,wr-m6/uploads/product1674741526.webp,332,0,332,0,0,0,0,0,0,0,0
522,One Plus,OnePlus 7T Pro 128GB,wr-m6/uploads/product1571657281.webp,65,0,65,0,0,0,0,0,0,0,0
788,One Plus,OnePlus 7 Pro 5G  256GB,wr-m6/uploads/product1634824443.webp,25,0,25,0,0,0,0,0,0,0,0
244,One Plus,OnePlus 7 128GB,wr-m6/uploads/product1569495727.webp,15,0,15,0,0,0,0,0,0,0,0
881,Xiaomi,Xiaomi Mi 11 Lite 5G 128GB,wr-m6/uploads/product1653060697.webp,40,0,40,0,0,0,0,0,0,0,0
891,Samsung,Samsung Galaxy S22 5G 256GB,wr-m6/uploads/product1655121723.webp,300,0,300,0,0,0,0,0,0,0,0
172,Huawei,Huawei P30 (2019) 256GB,wr-m6/uploads/product1568883784.webp,40,0,40,0,0,0,0,0,0,0,0
170,Huawei,Huawei P Smart (2019) 32GB,wr-m6/uploads/product1568882942.webp,10,0,10,0,0,0,0,0,0,0,0
810,Xiaomi,Xiaomi 12 Pro 5G 128GB,wr-m6/uploads/product1642068962.webp,100,0,100,0,0,0,0,0,0,0,0
808,Xiaomi,Xiaomi 11i 5G 128GB,wr-m6/uploads/product1642068403.webp,30,0,30,0,0,0,0,0,0,0,0
892,Oppo,Oppo X5 Lite 256GB,wr-m6/uploads/product1655299748.webp,60,0,60,0,0,0,0,0,0,0,0
897,Samsung,Samsung Galaxy A23 64GB,wr-m6/uploads/product1655387954.webp,30,0,30,0,0,0,0,0,0,0,0
898,Samsung,Samsung Galaxy M53 128GB,wr-m6/uploads/product1655388622.webp,55,0,55,0,0,0,0,0,0,0,0
899,Samsung,Samsung Galaxy A03s 64GB,wr-m6/uploads/product1655389244.webp,22,0,22,0,0,0,0,0,0,0,0
899,Samsung,Samsung Galaxy A03s 32GB,wr-m6/uploads/product1655389244.webp,20,0,20,0,0,0,0,0,0,0,0
900,Samsung,Samsung Galaxy M52 5G 128GB,wr-m6/uploads/product1655389911.webp,45,0,45,0,0,0,0,0,0,0,0
901,Samsung,Samsung Galaxy A03 Core 32GB,wr-m6/uploads/product1655391838.webp,15,0,15,0,0,0,0,0,0,0,0
902,Samsung,Samsung Galaxy M32  128GB,wr-m6/uploads/product1655392178.webp,40,0,40,0,0,0,0,0,0,0,0
903,Samsung,Samsung Galaxy M12 64GB,wr-m6/uploads/product1655392511.webp,30,0,30,0,0,0,0,0,0,0,0
904,Samsung,Samsung Galaxy M23 128GB,wr-m6/uploads/product1655392786.webp,45,0,45,0,0,0,0,0,0,0,0
905,Samsung,Samsung Galaxy A02s 32GB,wr-m6/uploads/product1655393103.webp,20,0,20,0,0,0,0,0,0,0,0
906,Samsung,Samsung Galaxy A02 32GB,wr-m6/uploads/product1655393503.webp,15,0,15,0,0,0,0,0,0,0,0
907,Samsung,Samsung Galaxy A31 128GB,wr-m6/uploads/product1655394034.webp,30,0,30,0,0,0,0,0,0,0,0
908,Samsung,Samsung Galaxy A11 32GB,wr-m6/uploads/product1655395323.webp,20,0,20,0,0,0,0,0,0,0,0
909,Samsung,Samsung Galaxy M51 128GB,wr-m6/uploads/product1655395595.webp,35,0,35,0,0,0,0,0,0,0,0
911,Samsung,Samsung Galaxy M21  128GB,wr-m6/uploads/product1655396593.webp,25,0,25,0,0,0,0,0,0,0,0
912,Samsung,Samsung Galaxy M11 64GB,wr-m6/uploads/product1655397048.webp,25,0,25,0,0,0,0,0,0,0,0
912,Samsung,Samsung Galaxy M11 32GB,wr-m6/uploads/product1655397048.webp,20,0,20,0,0,0,0,0,0,0,0
913,Samsung,Samsung Galaxy Xcover 5 64GB,wr-m6/uploads/product1655397332.webp,20,0,20,0,0,0,0,0,0,0,0
914,Samsung,Samsung Galaxy A33 5G 256GB,wr-m6/uploads/product1655397718.webp,70,0,70,0,0,0,0,0,0,0,0
907,Samsung,Samsung Galaxy A31 64GB,wr-m6/uploads/product1655394034.webp,20,0,20,0,0,0,0,0,0,0,0
847,Samsung,Samsung Galaxy S22 Ultra 5G 128GB,wr-m6/uploads/product1646746302.webp,450,0,450,0,0,0,0,0,0,0,0
1056,Realme,Realme X 256GB,wr-m6/uploads/product1658392055.webp,30,0,30,0,0,0,0,0,0,0,0
788,One Plus,OnePlus 7 Pro 5G  128GB,wr-m6/uploads/product1634824443.webp,15,0,15,0,0,0,0,0,0,0,0
172,Huawei,Huawei P30 (2019) 128GB,wr-m6/uploads/product1568883784.webp,45,0,45,0,0,0,0,0,0,0,0
39,Samsung,Samsung Galaxy S10 128GB,wr-m6/uploads/product1568445898.webp,85,0,85,0,0,0,0,0,0,0,0
941,Sony,Sony Xperia 1 III 512GB,wr-m6/uploads/product1656505366.webp,0,0,0,0,0,0,0,0,0,0,0
941,Sony,Sony Xperia 1 III 256GB,wr-m6/uploads/product1656505366.webp,0,0,0,0,0,0,0,0,0,0,0
760,Sony,Sony Xperia 5 II 128GB,wr-m6/uploads/product1625478262.webp,0,0,0,0,0,0,0,0,0,0,0
174,Huawei,Huawei P30 Lite  64GB,wr-m6/uploads/product1568885340.webp,40,0,40,0,0,0,0,0,0,0,0
945,Xiaomi,Xiaomi Redmi 10C 64GB,wr-m6/uploads/product1656679147.webp,25,0,25,0,0,0,0,0,0,0,0
946,Xiaomi,Xiaomi Redmi Note 7 64GB,wr-m6/uploads/product1656681298.webp,20,0,20,0,0,0,0,0,0,0,0
947,Xiaomi,Xiaomi Redmi Note 11S 128GB,wr-m6/uploads/product1656681915.webp,50,0,50,0,0,0,0,0,0,0,0
948,Xiaomi,Xiaomi Redmi 9A 32GB,wr-m6/uploads/product1656682378.webp,15,0,15,0,0,0,0,0,0,0,0
949,Xiaomi,Xiaomi Redmi 10A 128GB,wr-m6/uploads/product1656682798.webp,35,0,35,0,0,0,0,0,0,0,0
950,Xiaomi,Xiaomi Redmi 9c 64GB,wr-m6/uploads/product1656683263.webp,15,0,15,0,0,0,0,0,0,0,0
952,Xiaomi,Xiaomi Redmi Note 10 5G 128GB,wr-m6/uploads/product1656685362.webp,40,0,40,0,0,0,0,0,0,0,0
953,Xiaomi,Xiaomi Redmi Note 8 128GB,wr-m6/uploads/product1656685643.webp,20,0,20,0,0,0,0,0,0,0,0
954,Xiaomi,Xiaomi Redmi Note 9 Pro 128GB,wr-m6/uploads/product1656685945.webp,20,0,20,0,0,0,0,0,0,0,0
171,Huawei,Huawei P Smart Z (2019) 128GB,wr-m6/uploads/product1568883318.webp,26,0,26,0,0,0,0,0,0,0,0
959,Xiaomi,Xiaomi Redmi K50 Pro 512GB,wr-m6/uploads/product1656689153.webp,40,0,40,0,0,0,0,0,0,0,0
838,Oppo,Oppo Reno 4 Pro 5G 256GB,wr-m6/uploads/product1644061713.webp,50,0,50,0,0,0,0,0,0,0,0
960,Xiaomi,Xiaomi Redmi Note 8 Pro 128GB,wr-m6/uploads/product1656689808.webp,35,0,35,0,0,0,0,0,0,0,0
961,Xiaomi,Xiaomi Mi 11 5G 256GB,wr-m6/uploads/product1656689936.webp,102,0,102,0,0,0,0,0,0,0,0
961,Xiaomi,Xiaomi Mi 11 5G 128GB,wr-m6/uploads/product1656689936.webp,95,0,95,0,0,0,0,0,0,0,0
962,Xiaomi,Xiaomi Redmi Note 7 Pro 64GB,wr-m6/uploads/product1656690357.webp,10,0,10,0,0,0,0,0,0,0,0
966,Xiaomi,Xiaomi Redmi 10 Prime 2022 128GB,wr-m6/uploads/product1656694140.webp,15,0,15,0,0,0,0,0,0,0,0
974,Xiaomi,Xiaomi Redmi Note 9S 64GB,wr-m6/uploads/product1656764165.webp,25,0,25,0,0,0,0,0,0,0,0
975,Xiaomi,Xiaomi Redmi 8 64GB,wr-m6/uploads/product1656764769.webp,15,0,15,0,0,0,0,0,0,0,0
976,Xiaomi,Xiaomi Redmi 8A 32GB,wr-m6/uploads/product1656766014.webp,12,0,12,0,0,0,0,0,0,0,0
981,Xiaomi,Xiaomi Poco X4 Pro 5G 256GB,wr-m6/uploads/product1656949476.webp,50,0,50,0,0,0,0,0,0,0,0
982,Xiaomi,Xiaomi Poco X3 Pro 256GB,wr-m6/uploads/product1656950414.webp,50,0,50,0,0,0,0,0,0,0,0
983,Xiaomi,Xiaomi Poco M4 Pro 256GB,wr-m6/uploads/product1656951935.webp,60,0,60,0,0,0,0,0,0,0,0
984,Xiaomi,Xiaomi Poco M4 Pro 5G 128GB,wr-m6/uploads/product1656952373.webp,50,0,50,0,0,0,0,0,0,0,0
985,Xiaomi,Xiaomi Poco X3 NFC 128GB,wr-m6/uploads/product1656952812.webp,30,0,30,0,0,0,0,0,0,0,0
986,Xiaomi,Xiaomi Poco M3 Pro 5G 128GB,wr-m6/uploads/product1656953702.webp,40,0,40,0,0,0,0,0,0,0,0
988,Xiaomi,Xiaomi Poco F2 Pro 256GB,wr-m6/uploads/product1657019638.webp,80,0,80,0,0,0,0,0,0,0,0
989,Xiaomi,Xiaomi Poco M4 5G 128GB,wr-m6/uploads/product1657020139.webp,50,0,50,0,0,0,0,0,0,0,0
990,Xiaomi,POCO F3 5G 256GB,wr-m6/uploads/product1657020609.webp,80,0,80,0,0,0,0,0,0,0,0
661,One Plus,Oneplus 7T 256GB,wr-m6/uploads/product1582730447.webp,10,0,10,0,0,0,0,0,0,0,0
845,Oppo,Oppo Find X2 Pro 256GB,wr-m6/uploads/product1646665004.webp,95,0,95,0,0,0,0,0,0,0,0
839,Oppo,Oppo Reno 4 5G 128GB,wr-m6/uploads/product1644061887.webp,36,0,36,0,0,0,0,0,0,0,0
699,Samsung,Samsung Galaxy Note 20 Ultra 5G 256GB,wr-m6/uploads/product1602595436.webp,230,0,230,0,0,0,0,0,0,0,0
1015,One Plus,OnePlus 8T 256GB,wr-m6/uploads/product1657884541.webp,106,0,106,0,0,0,0,0,0,0,0
1015,One Plus,OnePlus 8T 128GB,wr-m6/uploads/product1657884541.webp,105,0,105,0,0,0,0,0,0,0,0
1016,One Plus,OnePlus 8 256GB,wr-m6/uploads/product1657884790.webp,91,0,91,0,0,0,0,0,0,0,0
1016,One Plus,OnePlus 8 128GB,wr-m6/uploads/product1657884790.webp,90,0,90,0,0,0,0,0,0,0,0
1017,One Plus,OnePlus 9 128GB,wr-m6/uploads/product1657884963.webp,100,0,100,0,0,0,0,0,0,0,0
949,Xiaomi,Xiaomi Redmi 10A 64GB,wr-m6/uploads/product1656682798.webp,25,0,25,0,0,0,0,0,0,0,0
947,Xiaomi,Xiaomi Redmi Note 11S 64GB,wr-m6/uploads/product1656681915.webp,40,0,40,0,0,0,0,0,0,0,0
203,Huawei,Huawei Mate 20 X (5G) 256GB,wr-m6/uploads/product1569308538.webp,45,0,45,0,0,0,0,0,0,0,0
1055,Realme,Realme C20 32GB,wr-m6/uploads/product1658391674.webp,15,0,15,0,0,0,0,0,0,0,0
914,Samsung,Samsung Galaxy A33 5G 128GB,wr-m6/uploads/product1655397718.webp,60,0,60,0,0,0,0,0,0,0,0
776,Samsung,Samsung Galaxy A21s 128GB,wr-m6/uploads/product1629125466.webp,44,0,44,0,0,0,0,0,0,0,0
1054,Apple,Apple iPhone SE (2022) 256GB,wr-m6/uploads/product1659626079.webp,170,0,170,0,0,0,0,0,0,0,0
1054,Apple,Apple iPhone SE (2022) 128GB,wr-m6/uploads/product1659626079.webp,160,0,160,0,0,0,0,0,0,0,0
1056,Realme,Realme X 128GB,wr-m6/uploads/product1658392055.webp,20,0,20,0,0,0,0,0,0,0,0
1056,Realme,Realme X 64GB,wr-m6/uploads/product1658392055.webp,10,0,10,0,0,0,0,0,0,0,0
1057,Realme,Realme X2 256GB,wr-m6/uploads/product1658392300.webp,30,0,30,0,0,0,0,0,0,0,0
1057,Realme,Realme X2 128GB,wr-m6/uploads/product1658392300.webp,20,0,20,0,0,0,0,0,0,0,0
1057,Realme,Realme X2 64GB,wr-m6/uploads/product1658392300.webp,10,0,10,0,0,0,0,0,0,0,0
1058,Realme,Realme Narzo 30A  64GB,wr-m6/uploads/product1658392611.webp,20,0,20,0,0,0,0,0,0,0,0
1058,Realme,Realme Narzo 30A  32GB,wr-m6/uploads/product1658392611.webp,10,0,10,0,0,0,0,0,0,0,0
1059,Realme,Realme 8s 5G 128GB,wr-m6/uploads/product1658393068.webp,20,0,20,0,0,0,0,0,0,0,0
1060,Realme,Realme X3 SuperZoom 256GB,wr-m6/uploads/product1658393363.webp,50,0,50,0,0,0,0,0,0,0,0
1060,Realme,Realme X3 SuperZoom 128GB,wr-m6/uploads/product1658393363.webp,40,0,40,0,0,0,0,0,0,0,0
1062,Realme,Realme GT Neo2T 256GB,wr-m6/uploads/product1658400007.webp,40,0,40,0,0,0,0,0,0,0,0
1062,Realme,Realme GT Neo2T 128GB,wr-m6/uploads/product1658400007.webp,30,0,30,0,0,0,0,0,0,0,0
1063,Realme,Realme Narzo 20 128GB,wr-m6/uploads/product1658400421.webp,25,0,25,0,0,0,0,0,0,0,0
1063,Realme,Realme Narzo 20 64GB,wr-m6/uploads/product1658400421.webp,20,0,20,0,0,0,0,0,0,0,0
1064,Realme,Realme Q5 256GB,wr-m6/uploads/product1658400736.webp,30,0,30,0,0,0,0,0,0,0,0
1064,Realme,Realme Q5 128GB,wr-m6/uploads/product1658400736.webp,25,0,25,0,0,0,0,0,0,0,0
1066,Realme,Realme C17 256GB,wr-m6/uploads/product1658401383.webp,30,0,30,0,0,0,0,0,0,0,0
1066,Realme,Realme C17 128GB,wr-m6/uploads/product1658401383.webp,20,0,20,0,0,0,0,0,0,0,0
1066,Realme,Realme C17 64GB,wr-m6/uploads/product1658401383.webp,10,0,10,0,0,0,0,0,0,0,0
1068,Realme,Realme X2 Pro 256GB,wr-m6/uploads/product1658401679.webp,40,0,40,0,0,0,0,0,0,0,0
1068,Realme,Realme X2 Pro 128GB,wr-m6/uploads/product1658401679.webp,30,0,30,0,0,0,0,0,0,0,0
1068,Realme,Realme X2 Pro 64GB,wr-m6/uploads/product1658401679.webp,20,0,20,0,0,0,0,0,0,0,0
1069,Realme,Realme V23 256GB,wr-m6/uploads/product1658402151.webp,30,0,30,0,0,0,0,0,0,0,0
1071,Realme,Realme XT 128GB,wr-m6/uploads/product1658402379.webp,20,0,20,0,0,0,0,0,0,0,0
1071,Realme,Realme XT 64GB,wr-m6/uploads/product1658402379.webp,15,0,15,0,0,0,0,0,0,0,0
1072,Realme,Realme C12 64GB,wr-m6/uploads/product1658402649.webp,15,0,15,0,0,0,0,0,0,0,0
1072,Realme,Realme C12 32GB,wr-m6/uploads/product1658402649.webp,10,0,10,0,0,0,0,0,0,0,0
1073,Realme,Realme 3 Pro 128GB,wr-m6/uploads/product1658402905.webp,20,0,20,0,0,0,0,0,0,0,0
1073,Realme,Realme 3 Pro 64GB,wr-m6/uploads/product1658402905.webp,15,0,15,0,0,0,0,0,0,0,0
1074,Realme,Realme 6i 128GB,wr-m6/uploads/product1658403283.webp,20,0,20,0,0,0,0,0,0,0,0
1074,Realme,Realme 6i 64GB,wr-m6/uploads/product1658403283.webp,15,0,15,0,0,0,0,0,0,0,0
802,Samsung,Samsung Galaxy A12 32GB,wr-m6/uploads/product1641290337.webp,20,0,20,0,0,0,0,0,0,0,0
1077,Realme,Realme Q5 Pro 256GB,wr-m6/uploads/product1658405587.webp,35,0,35,0,0,0,0,0,0,0,0
1077,Realme,Realme Q5 Pro 128GB,wr-m6/uploads/product1658405587.webp,28,0,28,0,0,0,0,0,0,0,0
1081,Realme,Realme C25 128GB,wr-m6/uploads/product1658408577.webp,20,0,20,0,0,0,0,0,0,0,0
1081,Realme,Realme C25 64GB,wr-m6/uploads/product1658408577.webp,15,0,15,0,0,0,0,0,0,0,0
1082,Realme,Realme Q 128GB,wr-m6/uploads/product1658412351.webp,20,0,20,0,0,0,0,0,0,0,0
1082,Realme,Realme Q 64GB,wr-m6/uploads/product1658412351.webp,15,0,15,0,0,0,0,0,0,0,0
1084,Realme,Realme C2 2020 64GB,wr-m6/uploads/product1658412743.webp,18,0,18,0,0,0,0,0,0,0,0
1084,Realme,Realme C2 2020 32GB,wr-m6/uploads/product1658412743.webp,15,0,15,0,0,0,0,0,0,0,0
1087,Realme,Realme C1 (2019) 32GB,wr-m6/uploads/product1658413391.webp,10,0,10,0,0,0,0,0,0,0,0
1090,Realme,Realme 5s 128GB,wr-m6/uploads/product1658413813.webp,15,0,15,0,0,0,0,0,0,0,0
1090,Realme,Realme 5s 64GB,wr-m6/uploads/product1658413813.webp,10,0,10,0,0,0,0,0,0,0,0
1094,Realme,Realme 5 128GB,wr-m6/uploads/product1658414129.webp,20,0,20,0,0,0,0,0,0,0,0
1094,Realme,Realme 5 64GB,wr-m6/uploads/product1658414129.webp,15,0,15,0,0,0,0,0,0,0,0
1094,Realme,Realme 5 32GB,wr-m6/uploads/product1658414129.webp,10,0,10,0,0,0,0,0,0,0,0
1096,Realme,Realme 5 Pro 128GB,wr-m6/uploads/product1658414288.webp,25,0,25,0,0,0,0,0,0,0,0
1096,Realme,Realme 5 Pro 64GB,wr-m6/uploads/product1658414288.webp,20,0,20,0,0,0,0,0,0,0,0
1098,Realme,Realme 3 128GB,wr-m6/uploads/product1658414496.webp,15,0,15,0,0,0,0,0,0,0,0
1098,Realme,Realme 3 64GB,wr-m6/uploads/product1658414496.webp,10,0,10,0,0,0,0,0,0,0,0
1099,Realme,Realme C11 32GB,wr-m6/uploads/product1658414877.webp,10,0,10,0,0,0,0,0,0,0,0
1100,Realme,Realme 7 Pro 128GB,wr-m6/uploads/product1658415140.webp,30,0,30,0,0,0,0,0,0,0,0
1101,Realme,Realme 6 128GB,wr-m6/uploads/product1658415941.webp,20,0,20,0,0,0,0,0,0,0,0
1101,Realme,Realme 6 64GB,wr-m6/uploads/product1658415941.webp,15,0,15,0,0,0,0,0,0,0,0
1105,Realme,Realme C15 64GB,wr-m6/uploads/product1658565884.webp,15,0,15,0,0,0,0,0,0,0,0
1105,Realme,Realme C15 32GB,wr-m6/uploads/product1658565884.webp,10,0,10,0,0,0,0,0,0,0,0
1106,Realme,Realme 6 Pro 128GB,wr-m6/uploads/product1658566178.webp,35,0,35,0,0,0,0,0,0,0,0
1106,Realme,Realme 6 Pro 64GB,wr-m6/uploads/product1658566178.webp,30,0,30,0,0,0,0,0,0,0,0
942,Sony,Sony Xperia 1 II 256GB,wr-m6/uploads/product1656505759.webp,0,0,0,0,0,0,0,0,0,0,0
1125,Realme,Realme 7 128GB,wr-m6/uploads/product1658933686.webp,35,0,35,0,0,0,0,0,0,0,0
1127,Realme,Realme X50 Pro 256GB,wr-m6/uploads/product1658934075.webp,40,0,40,0,0,0,0,0,0,0,0
1127,Realme,Realme X50 Pro 128GB,wr-m6/uploads/product1658934075.webp,35,0,35,0,0,0,0,0,0,0,0
1128,Realme,Realme 8 Pro 128GB,wr-m6/uploads/product1658934330.webp,50,0,50,0,0,0,0,0,0,0,0
1130,Realme,Realme 9 Pro 128GB,wr-m6/uploads/product1658936058.webp,60,0,60,0,0,0,0,0,0,0,0
1132,Realme,Realme 9 Pro+ 5G 128GB,wr-m6/uploads/product1658936366.webp,50,0,50,0,0,0,0,0,0,0,0
1133,Realme,Realme Narzo 30 Pro 5G 128GB,wr-m6/uploads/product1658936916.webp,30,0,30,0,0,0,0,0,0,0,0
1133,Realme,Realme Narzo 30 Pro 5G 64GB,wr-m6/uploads/product1658936916.webp,20,0,20,0,0,0,0,0,0,0,0
662,Samsung,Samsung Galaxy A51 64GB,wr-m6/uploads/product1584705907.webp,30,0,30,0,0,0,0,0,0,0,0
172,Huawei,Huawei P30 (2019) 64GB,wr-m6/uploads/product1568883784.webp,25,0,25,0,0,0,0,0,0,0,0
661,One Plus,Oneplus 7T 128GB,wr-m6/uploads/product1582730447.webp,66,0,66,0,0,0,0,0,0,0,0
866,Samsung,Samsung Galaxy S21 FE 5G 256GB,wr-m6/uploads/product1649959120.webp,150,0,150,0,0,0,0,0,0,0,0
1152,Samsung,Samsung Galaxy S21 5G 256GB,wr-m6/uploads/product1660398475.webp,180,0,180,0,0,0,0,0,0,0,0
1152,Samsung,Samsung Galaxy S21 5G 128GB,wr-m6/uploads/product1660398475.webp,170,0,170,0,0,0,0,0,0,0,0
1153,Sony,Sony Xperia 1 IV 512GB,wr-m6/uploads/product1660574760.webp,0,0,0,0,0,0,0,0,0,0,0
1153,Sony,Sony Xperia 1 IV 256GB,wr-m6/uploads/product1660574760.webp,0,0,0,0,0,0,0,0,0,0,0
1154,Sony,Sony Xperia 10 IV 128GB,wr-m6/uploads/product1660575076.webp,0,0,0,0,0,0,0,0,0,0,0
1155,Sony,Sony Xperia Pro-I 512GB,wr-m6/uploads/product1660575295.webp,0,0,0,0,0,0,0,0,0,0,0
1054,Apple,Apple iPhone SE (2022) 64GB,wr-m6/uploads/product1659626079.webp,150,0,150,0,0,0,0,0,0,0,0
1165,Samsung,Samsung Galaxy A73 5G 256GB,wr-m6/uploads/product1664023169.webp,130,0,130,0,0,0,0,0,0,0,0
1165,Samsung,Samsung Galaxy A73 5G 128GB,wr-m6/uploads/product1664023169.webp,110,0,110,0,0,0,0,0,0,0,0
1166,Samsung,Samsung Galaxy F23 128GB,wr-m6/uploads/product1664023284.webp,60,0,60,0,0,0,0,0,0,0,0
1167,Samsung,Samsung Galaxy M33 128GB,wr-m6/uploads/product1664023415.webp,50,0,50,0,0,0,0,0,0,0,0
1168,Samsung,Samsung Galaxy A13 5G 128GB,wr-m6/uploads/product1664023493.webp,50,0,50,0,0,0,0,0,0,0,0
1168,Samsung,Samsung Galaxy A13 5G 64GB,wr-m6/uploads/product1664023493.webp,40,0,40,0,0,0,0,0,0,0,0
1169,Samsung,Samsung Galaxy F42 5G 128GB,wr-m6/uploads/product1664022568.webp,30,0,30,0,0,0,0,0,0,0,0
1176,Apple,Apple iPhone 14 512GB,wr-m6/uploads/product1663414920.webp,500,0,500,0,0,0,0,0,0,0,0
1176,Apple,Apple iPhone 14 256GB,wr-m6/uploads/product1663414920.webp,480,0,480,0,0,0,0,0,0,0,0
1176,Apple,Apple iPhone 14 128GB,wr-m6/uploads/product1663414920.webp,470,0,470,0,0,0,0,0,0,0,0
1178,Apple,Apple iPhone 14 Pro 1TB,wr-m6/uploads/product1663415273.webp,740,0,740,0,0,0,0,0,0,0,0
1178,Apple,Apple iPhone 14 Pro 512GB,wr-m6/uploads/product1663415273.webp,730,0,730,0,0,0,0,0,0,0,0
1178,Apple,Apple iPhone 14 Pro 256GB,wr-m6/uploads/product1663415273.webp,715,0,715,0,0,0,0,0,0,0,0
1178,Apple,Apple iPhone 14 Pro 128GB,wr-m6/uploads/product1663415273.webp,685,0,685,0,0,0,0,0,0,0,0
1180,Apple,Apple iPhone 14 Pro Max 1TB,wr-m6/uploads/product1663415866.webp,835,0,835,0,0,0,0,0,0,0,0
1180,Apple,Apple iPhone 14 Pro Max 512GB,wr-m6/uploads/product1663415866.webp,810,0,810,0,0,0,0,0,0,0,0
1180,Apple,Apple iPhone 14 Pro Max 256GB,wr-m6/uploads/product1663415866.webp,802,0,802,0,0,0,0,0,0,0,0
1180,Apple,Apple iPhone 14 Pro Max 128GB,wr-m6/uploads/product1663415866.webp,778,0,778,0,0,0,0,0,0,0,0
1185,Sony,Sony Xperia 10 III Lite 64GB,wr-m6/uploads/product1663941427.webp,0,0,0,0,0,0,0,0,0,0,0
1195,One Plus,OnePlus Ace Racing 256GB,wr-m6/uploads/product1684159926.webp,70,0,70,0,0,0,0,0,0,0,0
1195,One Plus,OnePlus Ace Racing 128GB,wr-m6/uploads/product1684159926.webp,50,0,50,0,0,0,0,0,0,0,0
1207,Apple,Apple iphone 14 plus 512GB,wr-m6/uploads/product1663604966.webp,530,0,530,0,0,0,0,0,0,0,0
1207,Apple,Apple iphone 14 plus 256GB,wr-m6/uploads/product1663604966.webp,520,0,520,0,0,0,0,0,0,0,0
1207,Apple,Apple iphone 14 plus 128GB,wr-m6/uploads/product1663604966.webp,510,0,510,0,0,0,0,0,0,0,0
1210,One Plus,OnePlus Nord N200 5G 64GB,wr-m6/uploads/product1663770669.webp,50,0,50,0,0,0,0,0,0,0,0
1221,One Plus,OnePlus Nord N20 SE 64GB,wr-m6/uploads/product1663830887.webp,40,0,40,0,0,0,0,0,0,0,0
1222,One Plus,OnePlus Nord CE 2 5G 128GB,wr-m6/uploads/product1663831225.webp,100,0,100,0,0,0,0,0,0,0,0
1223,One Plus,OnePlus Ace Pro 512GB,wr-m6/uploads/product1663831414.webp,90,0,90,0,0,0,0,0,0,0,0
1225,Oppo,Oppo Find X5 Pro 512GB,wr-m6/uploads/product1663832610.webp,250,0,250,0,0,0,0,0,0,0,0
1236,Oppo,Oppo Reno8 Pro Plus 256GB,wr-m6/uploads/product1663847958.webp,70,0,70,0,0,0,0,0,0,0,0
1237,Oppo,Oppo A57 4G 64GB,wr-m6/uploads/product1663848193.webp,50,0,50,0,0,0,0,0,0,0,0
1240,Oppo,Oppo Reno8 Lite 128GB,wr-m6/uploads/product1663852377.webp,60,0,60,0,0,0,0,0,0,0,0
1243,Oppo,Oppo Reno 8 Pro 256GB,wr-m6/uploads/product1663852141.webp,100,0,100,0,0,0,0,0,0,0,0
1242,Oppo,Oppo Reno8 256GB,wr-m6/uploads/product1663850880.webp,80,0,80,0,0,0,0,0,0,0,0
1248,Realme,Xiaomi Redmi Note 11 Pro+ 5G 256GB,wr-m6/uploads/product1663858238.webp,70,0,70,0,0,0,0,0,0,0,0
1249,Xiaomi,Xiaomi Redmi 10 5G 128GB,wr-m6/uploads/product1663915275.webp,40,0,40,0,0,0,0,0,0,0,0
1250,Xiaomi,Xiaomi Redmi Note 11S 5G 128GB,wr-m6/uploads/product1663915641.webp,50,0,50,0,0,0,0,0,0,0,0
1249,Xiaomi,Xiaomi Redmi 10 5G 64GB,wr-m6/uploads/product1663915275.webp,30,0,30,0,0,0,0,0,0,0,0
1257,Xiaomi,Xiaomi Redmi Note 11SE 128GB,wr-m6/uploads/product1663919066.webp,50,0,50,0,0,0,0,0,0,0,0
864,One Plus,OnePlus Nord 64GB,wr-m6/uploads/product1649958596.webp,65,0,65,0,0,0,0,0,0,0,0
891,Samsung,Samsung Galaxy S22 5G 128GB,wr-m6/uploads/product1655121723.webp,280,0,280,0,0,0,0,0,0,0,0
866,Samsung,Samsung Galaxy S21 FE 5G 128GB,wr-m6/uploads/product1649959120.webp,130,0,130,0,0,0,0,0,0,0,0
735,Samsung,samsung galaxy S21 ultra 5G 256GB,wr-m6/uploads/product1615374882.webp,230,0,230,0,0,0,0,0,0,0,0
848,Samsung,Samsung Galaxy S20 Ultra 5G 256GB,wr-m6/uploads/product1646840950.webp,70,0,70,0,0,0,0,0,0,0,0
848,Samsung,Samsung Galaxy S20 Ultra 5G 128GB,wr-m6/uploads/product1646840950.webp,150,0,150,0,0,0,0,0,0,0,0
843,Samsung,Samsung Galaxy Z Flip3 5G 512GB,wr-m6/uploads/product1646405037.webp,200,0,200,0,0,0,0,0,0,0,0
843,Samsung,Samsung Galaxy Z Flip3 5G 256GB,wr-m6/uploads/product1646405037.webp,180,0,180,0,0,0,0,0,0,0,0
708,Samsung,Samsung Galaxy Fold 512GB,wr-m6/uploads/product1606736084.webp,180,0,180,0,0,0,0,0,0,0,0
787,Google Pixel,Google Pixel 6 PRO  512GB,wr-m6/uploads/product1634823999.webp,200,0,200,0,0,0,0,0,0,0,0
1219,One Plus,OnePlus Nord 2T 128GB,wr-m6/uploads/product1663830490.webp,100,0,100,0,0,0,0,0,0,0,0
850,Huawei,Huawei P40 Pro 256GB,wr-m6/uploads/product1648126355.webp,115,0,115,0,0,0,0,0,0,0,0
869,Huawei,Huawei Mate 30 Pro 128GB,wr-m6/uploads/product1650021492.webp,30,0,30,0,0,0,0,0,0,0,0
850,Huawei,Huawei P40 Pro 128GB,wr-m6/uploads/product1648126355.webp,50,0,50,0,0,0,0,0,0,0,0
844,Oppo,Oppo Find X3 Pro 128GB,wr-m6/uploads/product1646664354.webp,25,0,25,0,0,0,0,0,0,0,0
1348,Google Pixel,Google Pixel 7 Pro 128GB,wr-m6/uploads/product1666429931.webp,399,0,399,0,0,0,0,0,0,0,0
1349,Google Pixel,Google Pixel 7 256GB,wr-m6/uploads/product1666430113.webp,315,0,315,0,0,0,0,0,0,0,0
1349,Google Pixel,Google Pixel 7 128GB,wr-m6/uploads/product1666430113.webp,305,0,305,0,0,0,0,0,0,0,0
1158,Samsung,Samsung Galaxy Z Fold4 512GB,wr-m6/uploads/product1674741226.webp,400,0,400,0,0,0,0,0,0,0,0
1158,Samsung,Samsung Galaxy Z Fold4 256GB,wr-m6/uploads/product1674741226.webp,478,0,478,0,0,0,0,0,0,0,0
736,Samsung,Samsung Galaxy S21 Plus 5G  128GB,wr-m6/uploads/product1615375157.webp,180,0,180,0,0,0,0,0,0,0,0
735,Samsung,samsung galaxy S21 ultra 5G 128GB,wr-m6/uploads/product1615374882.webp,210,0,210,0,0,0,0,0,0,0,0
1351,Samsung,Samsung Galaxy A52s 5G 128GB,wr-m6/uploads/product1667917679.webp,120,0,120,0,0,0,0,0,0,0,0
1505,Xiaomi,Xiaomi Mi 11 Pro 256GB,wr-m6/uploads/product1677164575.webp,90,0,90,0,0,0,0,0,0,0,0
1352,Xiaomi,Xiaomi Mi 9 128GB,wr-m6/uploads/product1667919481.webp,50,0,50,0,0,0,0,0,0,0,0
1353,Google Pixel,Google Pixel 6a 128GB,wr-m6/uploads/product1668164642.webp,150,0,150,0,0,0,0,0,0,0,0
1354,Xiaomi,Xiaomi 12T Pro 256GB,wr-m6/uploads/product1668166084.webp,150,0,150,0,0,0,0,0,0,0,0
1355,Xiaomi,Xiaomi 12 128GB,wr-m6/uploads/product1668166738.webp,60,0,60,0,0,0,0,0,0,0,0
1356,Xiaomi,Xiaomi Poco M5s 128GB,wr-m6/uploads/product1668169836.webp,55,0,55,0,0,0,0,0,0,0,0
1357,Xiaomi,Xiaomi Mix Fold 2 512GB,wr-m6/uploads/product1668176302.webp,100,0,100,0,0,0,0,0,0,0,0
1357,Xiaomi,Xiaomi Mix Fold 2 256GB,wr-m6/uploads/product1668176302.webp,80,0,80,0,0,0,0,0,0,0,0
1358,Xiaomi,Xiaomi Black Shark 5 128GB,wr-m6/uploads/product1668428573.webp,170,0,170,0,0,0,0,0,0,0,0
1250,Xiaomi,Xiaomi Redmi Note 11S 5G 64GB,wr-m6/uploads/product1663915641.webp,40,0,40,0,0,0,0,0,0,0,0
843,Samsung,Samsung Galaxy Z Flip3 5G 128GB,wr-m6/uploads/product1646405037.webp,160,0,160,0,0,0,0,0,0,0,0
1362,Sony,Sony Xperia 5 II 5G 256GB,wr-m6/uploads/product1680002658.webp,0,0,0,0,0,0,0,0,0,0,0
1362,Sony,Sony Xperia 5 II 5G 128GB,wr-m6/uploads/product1680002658.webp,0,0,0,0,0,0,0,0,0,0,0
1364,Xiaomi,Xiaomi Poco X4 GT 128GB,wr-m6/uploads/product1668609395.webp,100,0,100,0,0,0,0,0,0,0,0
1365,Xiaomi,Xiaomi Redmi Note 11T Pro 128GB,wr-m6/uploads/product1668609712.webp,100,0,100,0,0,0,0,0,0,0,0
1159,Samsung,Samsung Galaxy Z Flip4 128GB,wr-m6/uploads/product1674741526.webp,300,0,300,0,0,0,0,0,0,0,0
787,Google Pixel,Google Pixel 6 PRO  256GB,wr-m6/uploads/product1634823999.webp,280,0,280,0,0,0,0,0,0,0,0
171,Huawei,Huawei P Smart Z (2019) 64GB,wr-m6/uploads/product1568883318.webp,22,0,22,0,0,0,0,0,0,0,0
776,Samsung,Samsung Galaxy A21s 64GB,wr-m6/uploads/product1629125466.webp,40,0,40,0,0,0,0,0,0,0,0
1373,Xiaomi,Xiaomi Redmi Note 12 128GB,wr-m6/uploads/product1670409453.webp,120,0,120,0,0,0,0,0,0,0,0
776,Samsung,Samsung Galaxy A21s 32GB,wr-m6/uploads/product1629125466.webp,43,0,43,0,0,0,0,0,0,0,0
1375,Xiaomi,Xiaomi Redmi Note 12 Pro Plus 256GB,wr-m6/uploads/product1670410205.webp,150,0,150,0,0,0,0,0,0,0,0
1376,Xiaomi,Xiaomi Redmi Note 12 Discovery 256GB,wr-m6/uploads/product1670411647.webp,50,0,50,0,0,0,0,0,0,0,0
1376,Xiaomi,Xiaomi Redmi Note 12 Discovery 128GB,wr-m6/uploads/product1670411647.webp,30,0,30,0,0,0,0,0,0,0,0
673,Samsung,Samsung Galaxy Note 20 5G 128GB,wr-m6/uploads/product1600700045.webp,40,0,40,0,0,0,0,0,0,0,0
1377,Xiaomi,Xiaomi 13 Pro 512GB,wr-m6/uploads/product1671617674.webp,60,0,60,0,0,0,0,0,0,0,0
1377,Xiaomi,Xiaomi 13 Pro 256GB,wr-m6/uploads/product1671617674.webp,50,0,50,0,0,0,0,0,0,0,0
1377,Xiaomi,Xiaomi 13 Pro 128GB,wr-m6/uploads/product1671617674.webp,40,0,40,0,0,0,0,0,0,0,0
1378,Xiaomi,Xiaomi 13 512GB,wr-m6/uploads/product1671618049.webp,50,0,50,0,0,0,0,0,0,0,0
1378,Xiaomi,Xiaomi 13 256GB,wr-m6/uploads/product1671618049.webp,40,0,40,0,0,0,0,0,0,0,0
1378,Xiaomi,Xiaomi 13 128GB,wr-m6/uploads/product1671618049.webp,30,0,30,0,0,0,0,0,0,0,0
739,Google Pixel,Google Pixel 4 64GB,wr-m6/uploads/product1615662447.webp,52,0,52,0,0,0,0,0,0,0,0
787,Google Pixel,Google Pixel 6 PRO  128GB,wr-m6/uploads/product1634823999.webp,253,0,253,0,0,0,0,0,0,0,0
838,Oppo,Oppo Reno 4 Pro 5G 128GB,wr-m6/uploads/product1644061713.webp,40,0,40,0,0,0,0,0,0,0,0
1384,Huawei,Huawei Nova 5T 128GB,wr-m6/uploads/product1673866994.webp,10,0,10,0,0,0,0,0,0,0,0
1590,Oppo,Oppo Reno4 Pro  256GB,wr-m6/uploads/product1677923074.webp,40,0,40,0,0,0,0,0,0,0,0
1385,Huawei,Huawei P Smart (2021) 128GB,wr-m6/uploads/product1673868318.webp,32,0,32,0,0,0,0,0,0,0,0
1386,Huawei,Huawei P40 5G 128GB,wr-m6/uploads/product1673868840.webp,56,0,56,0,0,0,0,0,0,0,0
1387,Huawei,Huawei Mate XS 5G 128GB,wr-m6/uploads/product1673869758.webp,25,0,25,0,0,0,0,0,0,0,0
1388,Huawei,Huawei Mate 40 256GB,wr-m6/uploads/product1673873227.webp,75,0,75,0,0,0,0,0,0,0,0
1389,Huawei,Huawei Mate 40 Pro 256GB,wr-m6/uploads/product1673872889.webp,100,0,100,0,0,0,0,0,0,0,0
1389,Huawei,Huawei Mate 40 Pro 128GB,wr-m6/uploads/product1673872889.webp,30,0,30,0,0,0,0,0,0,0,0
1390,One Plus,OnePlus 10 Pro 5G 256GB,wr-m6/uploads/product1673876767.webp,305,0,305,0,0,0,0,0,0,0,0
1391,One Plus,OnePlus 10T 256GB,wr-m6/uploads/product1673877355.webp,210,0,210,0,0,0,0,0,0,0,0
665,Samsung,Samsung Galaxy S20 Plus 5G 128GB,wr-m6/uploads/product1587506103.webp,130,0,130,0,0,0,0,0,0,0,0
1388,Huawei,Huawei Mate 40 128GB,wr-m6/uploads/product1673873227.webp,65,0,65,0,0,0,0,0,0,0,0
852,Samsung,Samsung Galaxy Z Fold2 256GB,wr-m6/uploads/product1648137923.webp,170,0,170,0,0,0,0,0,0,0,0
1436,Samsung,Samsung Galaxy M13  64GB,wr-m6/uploads/product1675770772.webp,40,0,40,0,0,0,0,0,0,0,0
1439,Samsung,Samsung Galaxy S20 FE 256GB,wr-m6/uploads/product1675772200.webp,90,0,90,0,0,0,0,0,0,0,0
1449,Samsung,Samsung Galaxy Xcover Pro 64GB,wr-m6/uploads/product1675775510.webp,35,0,35,0,0,0,0,0,0,0,0
1435,Samsung,Samsung Galaxy A04s 32GB,wr-m6/uploads/product1675770458.webp,45,0,45,0,0,0,0,0,0,0,0
1438,Samsung,Samsung Galaxy Xcover6 Pro 64GB,wr-m6/uploads/product1675771485.jpg,50,0,50,0,0,0,0,0,0,0,0
1445,Samsung,Samsung Galaxy S20 FE 5G 256GB,wr-m6/uploads/product1675774220.webp,90,0,90,0,0,0,0,0,0,0,0
1448,Samsung,Samsung Galaxy M01 32GB,wr-m6/uploads/product1675775243.webp,10,0,10,0,0,0,0,0,0,0,0
1451,Samsung,Samsung Galaxy M30s 64GB,wr-m6/uploads/product1675776184.webp,30,0,30,0,0,0,0,0,0,0,0
854,Samsung,Samsung Galaxy Z Fold3 5G 256GB,wr-m6/uploads/product1648213015.webp,280,0,280,0,0,0,0,0,0,0,0
1390,One Plus,OnePlus 10 Pro 5G 128GB,wr-m6/uploads/product1673876767.webp,300,0,300,0,0,0,0,0,0,0,0
1454,Samsung,Samsung Galaxy S23 512GB,wr-m6/uploads/product1676457800.webp,370,0,370,0,0,0,0,0,0,0,0
853,Samsung,Samsung Galaxy S22+ 5G 256GB,wr-m6/uploads/product1648143674.webp,370,0,370,0,0,0,0,0,0,0,0
1453,Samsung,Samsung Galaxy S23+ 512GB,wr-m6/uploads/product1676457340.webp,440,0,440,0,0,0,0,0,0,0,0
1466,Xiaomi,Xiaomi Poco X5 256GB,wr-m6/uploads/product1676971858.webp,150,0,150,0,0,0,0,0,0,0,0
1466,Xiaomi,Xiaomi Poco X5 128GB,wr-m6/uploads/product1676971858.webp,120,0,120,0,0,0,0,0,0,0,0
1467,Xiaomi,Xiaomi Poco X5 Pro 256GB,wr-m6/uploads/product1676972212.webp,180,0,180,0,0,0,0,0,0,0,0
1467,Xiaomi,Xiaomi Poco X5 Pro 128GB,wr-m6/uploads/product1676972212.webp,150,0,150,0,0,0,0,0,0,0,0
1468,Xiaomi,Xiaomi Redmi K60 Pro 512GB,wr-m6/uploads/product1676972605.webp,150,0,150,0,0,0,0,0,0,0,0
1468,Xiaomi,Xiaomi Redmi K60 Pro 256GB,wr-m6/uploads/product1676972605.webp,130,0,130,0,0,0,0,0,0,0,0
1468,Xiaomi,Xiaomi Redmi K60 Pro 128GB,wr-m6/uploads/product1676972605.webp,100,0,100,0,0,0,0,0,0,0,0
1566,One Plus,OnePlus 11R 256GB,wr-m6/uploads/product1677508376.webp,80,0,80,0,0,0,0,0,0,0,0
1469,Xiaomi,Xiaomi Redmi K60E 128GB,wr-m6/uploads/product1676973052.webp,100,0,100,0,0,0,0,0,0,0,0
1470,Xiaomi,Xiaomi Redmi K60 512GB,wr-m6/uploads/product1676973375.webp,180,0,180,0,0,0,0,0,0,0,0
1470,Xiaomi,Xiaomi Redmi K60 256GB,wr-m6/uploads/product1676973375.webp,150,0,150,0,0,0,0,0,0,0,0
1471,Xiaomi,Xiaomi Redmi K50i 256GB,wr-m6/uploads/product1676973637.webp,150,0,150,0,0,0,0,0,0,0,0
1473,Xiaomi,Xiaomi 12S Ultra 512GB,wr-m6/uploads/product1676974117.webp,250,0,250,0,0,0,0,0,0,0,0
1474,Xiaomi,Xiaomi 12S Pro 512GB,wr-m6/uploads/product1676974390.webp,120,0,120,0,0,0,0,0,0,0,0
1474,Xiaomi,Xiaomi 12S Pro 256GB,wr-m6/uploads/product1676974390.webp,100,0,100,0,0,0,0,0,0,0,0
1475,Xiaomi,Xiaomi 12S 512GB,wr-m6/uploads/product1676974609.webp,100,0,100,0,0,0,0,0,0,0,0
1475,Xiaomi,Xiaomi 12S 256GB,wr-m6/uploads/product1676974609.webp,80,0,80,0,0,0,0,0,0,0,0
1476,Xiaomi,Xiaomi Poco C40 64GB,wr-m6/uploads/product1676975574.webp,40,0,40,0,0,0,0,0,0,0,0
1477,Xiaomi,Xiaomi Redmi Note 11T Pro Plus 512GB,wr-m6/uploads/product1676975791.webp,60,0,60,0,0,0,0,0,0,0,0
1477,Xiaomi,Xiaomi Redmi Note 11T Pro Plus 256GB,wr-m6/uploads/product1676975791.webp,55,0,55,0,0,0,0,0,0,0,0
1478,Xiaomi,Xiaomi Poco F4 GT 256GB,wr-m6/uploads/product1683621718.webp,100,0,100,0,0,0,0,0,0,0,0
1479,Xiaomi,Xiaomi Black Shark 5 Pro 512GB,wr-m6/uploads/product1676976256.webp,90,0,90,0,0,0,0,0,0,0,0
1480,Xiaomi,Xiaomi Black Shark 5 RS 256GB,wr-m6/uploads/product1676976420.webp,120,0,120,0,0,0,0,0,0,0,0
1481,Realme,Realme GT Neo 5 240W 256GB,wr-m6/uploads/product1676978128.webp,150,0,150,0,0,0,0,0,0,0,0
1482,Realme,Realme 10s 32GB,wr-m6/uploads/product1676978499.webp,35,0,35,0,0,0,0,0,0,0,0
1483,Realme,Realme V20 128GB,wr-m6/uploads/product1676978966.webp,75,0,75,0,0,0,0,0,0,0,0
1484,Realme,Realme 10 Pro Plus 256GB,wr-m6/uploads/product1676979410.webp,55,0,55,0,0,0,0,0,0,0,0
1485,Realme,Realme 10 Pro 128GB,wr-m6/uploads/product1676980894.jpg,45,0,45,0,0,0,0,0,0,0,0
1486,Realme,Realme 10 5G 256GB,wr-m6/uploads/product1676981253.webp,43,0,43,0,0,0,0,0,0,0,0
1488,Realme,Realme C33 64GB,wr-m6/uploads/product1676981894.webp,30,0,30,0,0,0,0,0,0,0,0
1488,Realme,Realme C33 32GB,wr-m6/uploads/product1676981894.webp,22,0,22,0,0,0,0,0,0,0,0
1490,Realme,Realme 9i 64GB,wr-m6/uploads/product1676982762.webp,30,0,30,0,0,0,0,0,0,0,0
1491,Realme,Realme GT2 Explorer Master 256GB,wr-m6/uploads/product1676983182.webp,92,0,92,0,0,0,0,0,0,0,0
1494,Realme,Realme GT Neo 3T 256GB,wr-m6/uploads/product1676984097.webp,50,0,50,0,0,0,0,0,0,0,0
1494,Realme,Realme GT Neo 3T 128GB,wr-m6/uploads/product1676984097.webp,40,0,40,0,0,0,0,0,0,0,0
1493,Realme,Realme C30 64GB,wr-m6/uploads/product1676983855.webp,20,0,20,0,0,0,0,0,0,0,0
1493,Realme,Realme C30 32GB,wr-m6/uploads/product1676983855.webp,22,0,22,0,0,0,0,0,0,0,0
1486,Realme,Realme 10 5G 128GB,wr-m6/uploads/product1676981253.webp,40,0,40,0,0,0,0,0,0,0,0
1485,Realme,Realme 10 Pro 256GB,wr-m6/uploads/product1676980894.jpg,50,0,50,0,0,0,0,0,0,0,0
1484,Realme,Realme 10 Pro Plus 128GB,wr-m6/uploads/product1676979410.webp,50,0,50,0,0,0,0,0,0,0,0
1490,Realme,Realme 9i 128GB,wr-m6/uploads/product1676982762.webp,35,0,35,0,0,0,0,0,0,0,0
1488,Realme,Realme C33 128GB,wr-m6/uploads/product1676981894.webp,35,0,35,0,0,0,0,0,0,0,0
1483,Realme,Realme V20 256GB,wr-m6/uploads/product1676978966.webp,80,0,80,0,0,0,0,0,0,0,0
1482,Realme,Realme 10s 64GB,wr-m6/uploads/product1676978499.webp,70,0,70,0,0,0,0,0,0,0,0
1482,Realme,Realme 10s 128GB,wr-m6/uploads/product1676978499.webp,85,0,85,0,0,0,0,0,0,0,0
1481,Realme,Realme GT Neo 5 240W 512GB,wr-m6/uploads/product1676978128.webp,180,0,180,0,0,0,0,0,0,0,0
1481,Realme,Realme GT Neo 5 240W 1TB,wr-m6/uploads/product1676978128.webp,230,0,230,0,0,0,0,0,0,0,0
1479,Xiaomi,Xiaomi Black Shark 5 Pro 256GB,wr-m6/uploads/product1676976256.webp,70,0,70,0,0,0,0,0,0,0,0
1479,Xiaomi,Xiaomi Black Shark 5 Pro 128GB,wr-m6/uploads/product1676976256.webp,60,0,60,0,0,0,0,0,0,0,0
1478,Xiaomi,Xiaomi Poco F4 GT 128GB,wr-m6/uploads/product1683621718.webp,80,0,80,0,0,0,0,0,0,0,0
1477,Xiaomi,Xiaomi Redmi Note 11T Pro Plus 128GB,wr-m6/uploads/product1676975791.webp,50,0,50,0,0,0,0,0,0,0,0
1476,Xiaomi,Xiaomi Poco C40 32GB,wr-m6/uploads/product1676975574.webp,35,0,35,0,0,0,0,0,0,0,0
1615,Xiaomi,Xiaomi Redmi Note 12 Pro Speed   256GB,wr-m6/uploads/product1683379883.webp,80,0,80,0,0,0,0,0,0,0,0
1475,Xiaomi,Xiaomi 12S 128GB,wr-m6/uploads/product1676974609.webp,60,0,60,0,0,0,0,0,0,0,0
1474,Xiaomi,Xiaomi 12S Pro 128GB,wr-m6/uploads/product1676974390.webp,80,0,80,0,0,0,0,0,0,0,0
1473,Xiaomi,Xiaomi 12S Ultra 256GB,wr-m6/uploads/product1676974117.webp,200,0,200,0,0,0,0,0,0,0,0
1472,Xiaomi,Xiaomi 12 Lite 256GB,wr-m6/uploads/product1676975250.webp,60,0,60,0,0,0,0,0,0,0,0
1472,Xiaomi,Xiaomi 12 Lite 128GB,wr-m6/uploads/product1676975250.webp,50,0,50,0,0,0,0,0,0,0,0
1471,Xiaomi,Xiaomi Redmi K50i 128GB,wr-m6/uploads/product1676973637.webp,100,0,100,0,0,0,0,0,0,0,0
1470,Xiaomi,Xiaomi Redmi K60 128GB,wr-m6/uploads/product1676973375.webp,100,0,100,0,0,0,0,0,0,0,0
1352,Xiaomi,Xiaomi Mi 9 64GB,wr-m6/uploads/product1667919481.webp,55,0,55,0,0,0,0,0,0,0,0
1385,Huawei,Huawei P Smart (2021) 64GB,wr-m6/uploads/product1673868318.webp,25,0,25,0,0,0,0,0,0,0,0
886,Xiaomi,Xiaomi Mi 9 SE 64GB,wr-m6/uploads/product1653133568.webp,10,0,10,0,0,0,0,0,0,0,0
1496,Xiaomi,Xiaomi Mi 9 Explorer 256GB,wr-m6/uploads/product1677155626.webp,80,0,80,0,0,0,0,0,0,0,0
1497,Xiaomi,Xiaomi Redmi K20 128GB,wr-m6/uploads/product1677156043.webp,30,0,30,0,0,0,0,0,0,0,0
1498,Xiaomi,Xiaomi Mi CC9 256GB,wr-m6/uploads/product1677157366.webp,30,0,30,0,0,0,0,0,0,0,0
1498,Xiaomi,Xiaomi Mi CC9 128GB,wr-m6/uploads/product1677157366.webp,20,0,20,0,0,0,0,0,0,0,0
1498,Xiaomi,Xiaomi Mi CC9 64GB,wr-m6/uploads/product1677157366.webp,10,0,10,0,0,0,0,0,0,0,0
1500,Xiaomi,Xiaomi Mi 9 Lite 128GB,wr-m6/uploads/product1677158484.webp,40,0,40,0,0,0,0,0,0,0,0
1500,Xiaomi,Xiaomi Mi 9 Lite 64GB,wr-m6/uploads/product1677158484.webp,30,0,30,0,0,0,0,0,0,0,0
1501,Xiaomi,Xiaomi Mi 9 Pro 512GB,wr-m6/uploads/product1677159252.webp,50,0,50,0,0,0,0,0,0,0,0
1501,Xiaomi,Xiaomi Mi 9 Pro 256GB,wr-m6/uploads/product1677159252.webp,40,0,40,0,0,0,0,0,0,0,0
1501,Xiaomi,Xiaomi Mi 9 Pro 128GB,wr-m6/uploads/product1677159252.webp,30,0,30,0,0,0,0,0,0,0,0
1502,Xiaomi,Xiaomi Mi 10 256GB,wr-m6/uploads/product1677160065.webp,60,0,60,0,0,0,0,0,0,0,0
1502,Xiaomi,Xiaomi Mi 10 128GB,wr-m6/uploads/product1677160065.webp,50,0,50,0,0,0,0,0,0,0,0
1503,Xiaomi,Xiaomi Mi 10 Pro 512GB,wr-m6/uploads/product1677160580.webp,70,0,70,0,0,0,0,0,0,0,0
1503,Xiaomi,Xiaomi Mi 10 Pro 256GB,wr-m6/uploads/product1677160580.webp,60,0,60,0,0,0,0,0,0,0,0
1504,Xiaomi,Xiaomi Mi Note 10 Lite 128GB,wr-m6/uploads/product1677162802.webp,30,0,30,0,0,0,0,0,0,0,0
1504,Xiaomi,Xiaomi Mi Note 10 Lite 64GB,wr-m6/uploads/product1677162802.webp,25,0,25,0,0,0,0,0,0,0,0
1505,Xiaomi,Xiaomi Mi 11 Pro 128GB,wr-m6/uploads/product1677164575.webp,70,0,70,0,0,0,0,0,0,0,0
1510,Xiaomi,Xiaomi Mi 11X Pro 256GB,wr-m6/uploads/product1677235884.webp,60,0,60,0,0,0,0,0,0,0,0
1510,Xiaomi,Xiaomi Mi 11X Pro 128GB,wr-m6/uploads/product1677235884.webp,50,0,50,0,0,0,0,0,0,0,0
1511,Xiaomi,Xiaomi Mi 11X lite Pro 256GB,wr-m6/uploads/product1677236824.webp,150,0,150,0,0,0,0,0,0,0,0
1511,Xiaomi,Xiaomi Mi 11X lite Pro 128GB,wr-m6/uploads/product1677236824.webp,130,0,130,0,0,0,0,0,0,0,0
1512,Xiaomi,Xiaomi 11T 256GB,wr-m6/uploads/product1677237159.webp,100,0,100,0,0,0,0,0,0,0,0
1512,Xiaomi,Xiaomi 11T 128GB,wr-m6/uploads/product1677237159.webp,80,0,80,0,0,0,0,0,0,0,0
1513,Xiaomi,Xiaomi 11T Pro 256GB,wr-m6/uploads/product1677237490.webp,150,0,150,0,0,0,0,0,0,0,0
1513,Xiaomi,Xiaomi 11T Pro 128GB,wr-m6/uploads/product1677237490.webp,130,0,130,0,0,0,0,0,0,0,0
1514,Xiaomi,Xiaomi 11i HyperCharge 256GB,wr-m6/uploads/product1677237827.webp,165,0,165,0,0,0,0,0,0,0,0
1515,Xiaomi,Xiaomi 12 Pro 256GB,wr-m6/uploads/product1677238228.webp,150,0,150,0,0,0,0,0,0,0,0
1515,Xiaomi,Xiaomi 12 Pro 128GB,wr-m6/uploads/product1677238228.webp,130,0,130,0,0,0,0,0,0,0,0
1516,Xiaomi,Xiaomi 12 Pro Dimensity 256GB,wr-m6/uploads/product1677238701.webp,100,0,100,0,0,0,0,0,0,0,0
1516,Xiaomi,Xiaomi 12 Pro Dimensity 128GB,wr-m6/uploads/product1677238701.webp,80,0,80,0,0,0,0,0,0,0,0
1517,Xiaomi,Xiaomi MIX 4 512GB,wr-m6/uploads/product1677239389.webp,140,0,140,0,0,0,0,0,0,0,0
1517,Xiaomi,Xiaomi MIX 4 256GB,wr-m6/uploads/product1677239389.webp,120,0,120,0,0,0,0,0,0,0,0
1517,Xiaomi,Xiaomi MIX 4 128GB,wr-m6/uploads/product1677239389.webp,100,0,100,0,0,0,0,0,0,0,0
1518,Xiaomi,Xiaomi Civi 2 256GB,wr-m6/uploads/product1677240396.webp,120,0,120,0,0,0,0,0,0,0,0
1518,Xiaomi,Xiaomi Civi 2 128GB,wr-m6/uploads/product1677240396.webp,100,0,100,0,0,0,0,0,0,0,0
1519,Realme,Realme 5i 64GB,wr-m6/uploads/product1677242484.webp,35,0,35,0,0,0,0,0,0,0,0
1519,Realme,Realme 5i 32GB,wr-m6/uploads/product1677242484.webp,30,0,30,0,0,0,0,0,0,0,0
1520,Realme,Realme 7  64GB,wr-m6/uploads/product1677243034.webp,25,0,25,0,0,0,0,0,0,0,0
1520,Realme,Realme 7  128GB,wr-m6/uploads/product1677243034.webp,30,0,30,0,0,0,0,0,0,0,0
1521,Realme,Realme 7i 128GB,wr-m6/uploads/product1677243700.webp,100,0,100,0,0,0,0,0,0,0,0
1521,Realme,Realme 7i 64GB,wr-m6/uploads/product1677243700.webp,70,0,70,0,0,0,0,0,0,0,0
1522,Realme,Realme 8 64GB,wr-m6/uploads/product1677244450.webp,35,0,35,0,0,0,0,0,0,0,0
1522,Realme,Realme 8 128GB,wr-m6/uploads/product1677244450.webp,75,0,75,0,0,0,0,0,0,0,0
1523,Realme,Realme 8i 64GB,wr-m6/uploads/product1677244906.webp,35,0,35,0,0,0,0,0,0,0,0
1523,Realme,Realme 8i 128GB,wr-m6/uploads/product1677244906.webp,75,0,75,0,0,0,0,0,0,0,0
1524,Realme,Realme GT 5G 256GB,wr-m6/uploads/product1677245573.webp,80,0,80,0,0,0,0,0,0,0,0
1524,Realme,Realme GT 5G 128GB,wr-m6/uploads/product1677245573.webp,60,0,60,0,0,0,0,0,0,0,0
1525,Realme,Realme GT Neo Flash 256GB,wr-m6/uploads/product1677245921.webp,200,0,200,0,0,0,0,0,0,0,0
1527,Realme,Realme GT2 Pro 512GB,wr-m6/uploads/product1677246728.webp,200,0,200,0,0,0,0,0,0,0,0
1527,Realme,Realme GT2 Pro 256GB,wr-m6/uploads/product1677246728.webp,180,0,180,0,0,0,0,0,0,0,0
1527,Realme,Realme GT2 Pro 128GB,wr-m6/uploads/product1677246728.webp,120,0,120,0,0,0,0,0,0,0,0
1528,Realme,Realme GT Neo 3 512GB,wr-m6/uploads/product1677247422.webp,160,0,160,0,0,0,0,0,0,0,0
1528,Realme,Realme GT Neo 3 256GB,wr-m6/uploads/product1677247422.webp,140,0,140,0,0,0,0,0,0,0,0
1528,Realme,Realme GT Neo 3 128GB,wr-m6/uploads/product1677247422.webp,80,0,80,0,0,0,0,0,0,0,0
1529,Realme,Realme GT Neo 3 150W 256GB,wr-m6/uploads/product1677247602.webp,180,0,180,0,0,0,0,0,0,0,0
1530,Realme,Realme GT Master 128GB,wr-m6/uploads/product1677248011.webp,100,0,100,0,0,0,0,0,0,0,0
1530,Realme,Realme GT Master 256GB,wr-m6/uploads/product1677248011.webp,150,0,150,0,0,0,0,0,0,0,0
1531,Realme,"Realme C2s	 32GB",wr-m6/uploads/product1677248515.webp,15,0,15,0,0,0,0,0,0,0,0
1532,Realme,Realme C3 64GB,wr-m6/uploads/product1677249117.webp,50,0,50,0,0,0,0,0,0,0,0
1536,Realme,Realme C25s 64GB,wr-m6/uploads/product1677251601.webp,30,0,30,0,0,0,0,0,0,0,0
1536,Realme,Realme C25s 128GB,wr-m6/uploads/product1677251601.webp,70,0,70,0,0,0,0,0,0,0,0
1537,Realme,Realme C11 (2021) 32GB,wr-m6/uploads/product1677315384.webp,15,0,15,0,0,0,0,0,0,0,0
1537,Realme,Realme C11 (2021) 64GB,wr-m6/uploads/product1677315384.webp,30,0,30,0,0,0,0,0,0,0,0
1538,Realme,Realme C21Y 64GB,wr-m6/uploads/product1677315659.webp,30,0,30,0,0,0,0,0,0,0,0
1538,Realme,Realme C21Y 32GB,wr-m6/uploads/product1677315659.webp,15,0,15,0,0,0,0,0,0,0,0
1539,Realme,Realme C25Y 64GB,wr-m6/uploads/product1677316841.webp,15,0,15,0,0,0,0,0,0,0,0
1539,Realme,Realme C25Y 128GB,wr-m6/uploads/product1677316841.webp,30,0,30,0,0,0,0,0,0,0,0
1540,Realme,Realme C15 Qualcomm Edition 128GB,wr-m6/uploads/product1677317555.webp,75,0,75,0,0,0,0,0,0,0,0
1540,Realme,Realme C15 Qualcomm Edition 64GB,wr-m6/uploads/product1677317555.webp,50,0,50,0,0,0,0,0,0,0,0
1540,Realme,Realme C15 Qualcomm Edition 32GB,wr-m6/uploads/product1677317555.webp,30,0,30,0,0,0,0,0,0,0,0
1541,Realme,Realme C35 64GB,wr-m6/uploads/product1677317965.webp,20,0,20,0,0,0,0,0,0,0,0
1541,Realme,Realme C35 128GB,wr-m6/uploads/product1677317965.webp,35,0,35,0,0,0,0,0,0,0,0
1542,Realme,Realme C31 32GB,wr-m6/uploads/product1677318249.webp,15,0,15,0,0,0,0,0,0,0,0
1542,Realme,Realme C31 64GB,wr-m6/uploads/product1677318249.webp,30,0,30,0,0,0,0,0,0,0,0
1543,Realme,Realme Narzo 50A 128GB,wr-m6/uploads/product1677319242.webp,35,0,35,0,0,0,0,0,0,0,0
1543,Realme,Realme Narzo 50A 64GB,wr-m6/uploads/product1677319242.webp,20,0,20,0,0,0,0,0,0,0,0
1544,Realme,Realme Narzo 50i 64GB,wr-m6/uploads/product1677579320.webp,70,0,70,0,0,0,0,0,0,0,0
1544,Realme,Realme Narzo 50i 32GB,wr-m6/uploads/product1677579320.webp,30,0,30,0,0,0,0,0,0,0,0
1545,Realme,Realme Narzo 50 128GB,wr-m6/uploads/product1677320654.webp,35,0,35,0,0,0,0,0,0,0,0
1545,Realme,Realme Narzo 50 64GB,wr-m6/uploads/product1677320654.webp,20,0,20,0,0,0,0,0,0,0,0
1546,Realme,Realme Narzo 50A Prime 64GB,wr-m6/uploads/product1677320154.webp,20,0,20,0,0,0,0,0,0,0,0
1546,Realme,Realme Narzo 50A Prime 128GB,wr-m6/uploads/product1677320154.webp,35,0,35,0,0,0,0,0,0,0,0
1547,Realme,Realme Narzo 50 Pro 128GB,wr-m6/uploads/product1677321059.webp,35,0,35,0,0,0,0,0,0,0,0
1548,Realme,Realme Narzo 50i Prime 64GB,wr-m6/uploads/product1677322692.webp,55,0,55,0,0,0,0,0,0,0,0
1548,Realme,Realme Narzo 50i Prime 32GB,wr-m6/uploads/product1677322692.webp,35,0,35,0,0,0,0,0,0,0,0
1550,Realme,Realme X7 128GB,wr-m6/uploads/product1677323497.webp,50,0,50,0,0,0,0,0,0,0,0
1551,Realme,Realme X7 Pro 128GB,wr-m6/uploads/product1677324088.webp,100,0,100,0,0,0,0,0,0,0,0
1551,Realme,Realme X7 Pro 256GB,wr-m6/uploads/product1677324088.webp,150,0,150,0,0,0,0,0,0,0,0
1552,Realme,Realme X7 Pro Ultra 256GB,wr-m6/uploads/product1677324683.webp,180,0,180,0,0,0,0,0,0,0,0
1552,Realme,Realme X7 Pro Ultra 128GB,wr-m6/uploads/product1677324683.webp,120,0,120,0,0,0,0,0,0,0,0
1553,Realme,"Realme X7 Max 5G	 256GB",wr-m6/uploads/product1677326107.webp,150,0,150,0,0,0,0,0,0,0,0
1553,Realme,"Realme X7 Max 5G	 128GB",wr-m6/uploads/product1677326107.webp,120,0,120,0,0,0,0,0,0,0,0
1554,Realme,Realme Q2 128GB,wr-m6/uploads/product1677326545.webp,80,0,80,0,0,0,0,0,0,0,0
1555,Realme,Realme Q2 Pro 128GB,wr-m6/uploads/product1677326869.webp,80,0,80,0,0,0,0,0,0,0,0
1556,Realme,Realme Q2i 128GB,wr-m6/uploads/product1677327204.webp,60,0,60,0,0,0,0,0,0,0,0
856,Oppo,Oppo Reno 2 128GB,wr-m6/uploads/product1648217149.webp,15,0,15,0,0,0,0,0,0,0,0
1557,Realme,Realme Q3 256GB,wr-m6/uploads/product1677327547.webp,100,0,100,0,0,0,0,0,0,0,0
1557,Realme,Realme Q3 128GB,wr-m6/uploads/product1677327547.webp,80,0,80,0,0,0,0,0,0,0,0
1559,Realme,Realme Q5i 128GB,wr-m6/uploads/product1677328513.webp,50,0,50,0,0,0,0,0,0,0,0
1560,Realme,"Realme Q3t	 256GB",wr-m6/uploads/product1677328774.webp,100,0,100,0,0,0,0,0,0,0,0
1561,Realme,"Realme Q3s	 128GB",wr-m6/uploads/product1677488927.webp,80,0,80,0,0,0,0,0,0,0,0
1564,Samsung,Samsung Galaxy A04 128GB,wr-m6/uploads/product1677501001.webp,30,0,30,0,0,0,0,0,0,0,0
1564,Samsung,Samsung Galaxy A04 64GB,wr-m6/uploads/product1677501001.webp,28,0,28,0,0,0,0,0,0,0,0
1564,Samsung,Samsung Galaxy A04 32GB,wr-m6/uploads/product1677501001.webp,25,0,25,0,0,0,0,0,0,0,0
852,Samsung,Samsung Galaxy Z Fold2 512GB,wr-m6/uploads/product1648137923.webp,180,0,180,0,0,0,0,0,0,0,0
1566,One Plus,OnePlus 11R 128GB,wr-m6/uploads/product1677508376.webp,70,0,70,0,0,0,0,0,0,0,0
1567,One Plus,OnePlus Ace 2 512GB,wr-m6/uploads/product1677509445.webp,100,0,100,0,0,0,0,0,0,0,0
1567,One Plus,OnePlus Ace 2 256GB,wr-m6/uploads/product1677509445.webp,80,0,80,0,0,0,0,0,0,0,0
1568,Samsung,Samsung Galaxy M22 128GB,wr-m6/uploads/product1677590690.webp,45,0,45,0,0,0,0,0,0,0,0
1568,Samsung,Samsung Galaxy M22 64GB,wr-m6/uploads/product1677590690.webp,42,0,42,0,0,0,0,0,0,0,0
1569,Samsung,Samsung Galaxy M02 32GB,wr-m6/uploads/product1677591139.webp,25,0,25,0,0,0,0,0,0,0,0
1579,Oppo,Oppo A15 32GB,wr-m6/uploads/product1677925959.webp,30,0,30,0,0,0,0,0,0,0,0
1581,Oppo,Oppo A16s 64GB,wr-m6/uploads/product1677925814.webp,30,0,30,0,0,0,0,0,0,0,0
1584,Oppo,Oppo A72 128GB,wr-m6/uploads/product1677925158.webp,30,0,30,0,0,0,0,0,0,0,0
1585,Oppo,Oppo A72 5g 128GB,wr-m6/uploads/product1677924983.webp,35,0,35,0,0,0,0,0,0,0,0
1586,Oppo,Oppo Find X2 Neo 5G 256GB,wr-m6/uploads/product1677924736.webp,40,0,40,0,0,0,0,0,0,0,0
1589,Oppo,Oppo Reno4 128GB,wr-m6/uploads/product1677923300.webp,35,0,35,0,0,0,0,0,0,0,0
1590,Oppo,Oppo Reno4 Pro  128GB,wr-m6/uploads/product1677923074.webp,30,0,30,0,0,0,0,0,0,0,0
1592,Oppo,Oppo A5 2020 128GB,wr-m6/uploads/product1677922682.webp,50,0,50,0,0,0,0,0,0,0,0
1592,Oppo,Oppo A5 2020 64GB,wr-m6/uploads/product1677922682.webp,40,0,40,0,0,0,0,0,0,0,0
1592,Oppo,Oppo A5 2020 32GB,wr-m6/uploads/product1677922682.webp,30,0,30,0,0,0,0,0,0,0,0
1593,Oppo, Oppo A9  128GB,wr-m6/uploads/product1677922503.webp,40,0,40,0,0,0,0,0,0,0,0
1594,Oppo,Oppo A53  128GB,wr-m6/uploads/product1677922367.webp,35,0,35,0,0,0,0,0,0,0,0
1594,Oppo,Oppo A53  64GB,wr-m6/uploads/product1677922367.webp,30,0,30,0,0,0,0,0,0,0,0
1595,Oppo,Oppo A53s 128GB,wr-m6/uploads/product1677922126.webp,25,0,25,0,0,0,0,0,0,0,0
1596,Oppo,Oppo A78 128GB,wr-m6/uploads/product1677921959.webp,35,0,35,0,0,0,0,0,0,0,0
1598,Oppo,Oppo A96 256GB,wr-m6/uploads/product1677921591.webp,70,0,70,0,0,0,0,0,0,0,0
1598,Oppo,Oppo A96 128GB,wr-m6/uploads/product1677921591.webp,65,0,65,0,0,0,0,0,0,0,0
1599,Oppo,Oppo A94 128GB,wr-m6/uploads/product1677921429.webp,55,0,55,0,0,0,0,0,0,0,0
1225,Oppo,Oppo Find X5 Pro 256GB,wr-m6/uploads/product1663832610.webp,245,0,245,0,0,0,0,0,0,0,0
1445,Samsung,Samsung Galaxy S20 FE 5G 128GB,wr-m6/uploads/product1675774220.webp,80,0,80,0,0,0,0,0,0,0,0
1473,Xiaomi,Xiaomi 12S Ultra 128GB,wr-m6/uploads/product1676974117.webp,150,0,150,0,0,0,0,0,0,0,0
103,Samsung,Samsung Galaxy A10e 32GB,wr-m6/uploads/product1568711175.webp,10,0,10,0,0,0,0,0,0,0,0
1602,Sony,Sony Xperia 5 IV 256GB,wr-m6/uploads/product1680003751.webp,0,0,0,0,0,0,0,0,0,0,0
1602,Sony,Sony Xperia 5 IV 128GB,wr-m6/uploads/product1680003751.webp,0,0,0,0,0,0,0,0,0,0,0
761,Sony,Sony Xperia 10 ii 64GB,wr-m6/uploads/product1625479541.webp,0,0,0,0,0,0,0,0,0,0,0
1391,One Plus,OnePlus 10T 128GB,wr-m6/uploads/product1673877355.webp,200,0,200,0,0,0,0,0,0,0,0
786,Google Pixel,Google Pixel 6 128GB,wr-m6/uploads/product1634823798.webp,192,0,192,0,0,0,0,0,0,0,0
1224,Oppo,Oppo Find X5 Lite 256GB,wr-m6/uploads/product1663831951.webp,80,0,80,0,0,0,0,0,0,0,0
1604,Oppo,Oppo Reno9 Pro Plus 512GB,wr-m6/uploads/product1680263707.webp,180,0,180,0,0,0,0,0,0,0,0
1604,Oppo,Oppo Reno9 Pro Plus 256GB,wr-m6/uploads/product1680263707.webp,150,0,150,0,0,0,0,0,0,0,0
1605,Oppo,Oppo Find N2 512GB,wr-m6/uploads/product1680264389.webp,350,0,350,0,0,0,0,0,0,0,0
1605,Oppo,Oppo Find N2 256GB,wr-m6/uploads/product1680264389.webp,300,0,300,0,0,0,0,0,0,0,0
203,Huawei,Huawei Mate 20 X (5G) 128GB,wr-m6/uploads/product1569308538.webp,55,0,55,0,0,0,0,0,0,0,0
1606,One Plus,OnePlus Nord N300 64GB,wr-m6/uploads/product1680355271.webp,40,0,40,0,0,0,0,0,0,0,0
1219,One Plus,OnePlus Nord 2T 256GB,wr-m6/uploads/product1663830490.webp,110,0,110,0,0,0,0,0,0,0,0
1607,Samsung,Samsung Galaxy A54 128GB,wr-m6/uploads/product1680528505.webp,180,0,180,0,0,0,0,0,0,0,0
1608,Samsung,Samsung Galaxy A34 256GB,wr-m6/uploads/product1680606287.webp,160,0,160,0,0,0,0,0,0,0,0
1608,Samsung,Samsung Galaxy A34 128GB,wr-m6/uploads/product1680606287.webp,130,0,130,0,0,0,0,0,0,0,0
1514,Xiaomi,Xiaomi 11i HyperCharge 128GB,wr-m6/uploads/product1677237827.webp,135,0,135,0,0,0,0,0,0,0,0
811,Xiaomi,Xiaomi 12X 5G 128GB,wr-m6/uploads/product1642069328.webp,180,0,180,0,0,0,0,0,0,0,0
1609,Xiaomi,Xiaomi Redmi Note 12 Pro 256GB,wr-m6/uploads/product1680615492.webp,120,0,120,0,0,0,0,0,0,0,0
1609,Xiaomi,Xiaomi Redmi Note 12 Pro 128GB,wr-m6/uploads/product1680615492.webp,80,0,80,0,0,0,0,0,0,0,0
1610,Samsung,Samsung Galaxy A04e 128GB,wr-m6/uploads/product1680691180.webp,70,0,70,0,0,0,0,0,0,0,0
1610,Samsung,Samsung Galaxy A04e 64GB,wr-m6/uploads/product1680691180.webp,60,0,60,0,0,0,0,0,0,0,0
1610,Samsung,Samsung Galaxy A04e 32GB,wr-m6/uploads/product1680691180.webp,50,0,50,0,0,0,0,0,0,0,0
1452,Samsung,Samsung Galaxy S23 Ultra 512GB,wr-m6/uploads/product1676457024.webp,520,0,520,0,0,0,0,0,0,0,0
1452,Samsung,Samsung Galaxy S23 Ultra 256GB,wr-m6/uploads/product1676457024.webp,510,0,510,0,0,0,0,0,0,0,0
1453,Samsung,Samsung Galaxy S23+ 256GB,wr-m6/uploads/product1676457340.webp,420,0,420,0,0,0,0,0,0,0,0
1453,Samsung,Samsung Galaxy S23+ 128GB,wr-m6/uploads/product1676457340.webp,400,0,400,0,0,0,0,0,0,0,0
1454,Samsung,Samsung Galaxy S23 256GB,wr-m6/uploads/product1676457800.webp,380,0,380,0,0,0,0,0,0,0,0
1454,Samsung,Samsung Galaxy S23 128GB,wr-m6/uploads/product1676457800.webp,390,0,390,0,0,0,0,0,0,0,0
1439,Samsung,Samsung Galaxy S20 FE 128GB,wr-m6/uploads/product1675772200.webp,80,0,80,0,0,0,0,0,0,0,0
76,Samsung,Samsung Galaxy A50 64GB,wr-m6/uploads/product1568623943.webp,35,0,35,0,0,0,0,0,0,0,0
1223,One Plus,OnePlus Ace Pro 256GB,wr-m6/uploads/product1663831414.webp,80,0,80,0,0,0,0,0,0,0,0
1611,Xiaomi,Xiaomi Redmi 12C 128GB,wr-m6/uploads/product1680782873.webp,80,0,80,0,0,0,0,0,0,0,0
1611,Xiaomi,Xiaomi Redmi 12C 64GB,wr-m6/uploads/product1680782873.webp,70,0,70,0,0,0,0,0,0,0,0
1612,Samsung,Samsung Galaxy A14 5G 128GB,wr-m6/uploads/product1680954823.webp,100,0,100,0,0,0,0,0,0,0,0
1612,Samsung,Samsung Galaxy A14 5G 64GB,wr-m6/uploads/product1680954823.webp,80,0,80,0,0,0,0,0,0,0,0
1018,One Plus,OnePlus 9 Pro 128GB,wr-m6/uploads/product1657885058.webp,152,0,152,0,0,0,0,0,0,0,0
173,Huawei,Huawei P30 Pro (2019) 256GB,wr-m6/uploads/product1568885023.webp,110,0,110,0,0,0,0,0,0,0,0
174,Huawei,Huawei P30 Lite  128GB,wr-m6/uploads/product1568885340.webp,50,0,50,0,0,0,0,0,0,0,0
1257,Xiaomi,Xiaomi Redmi Note 11SE 64GB,wr-m6/uploads/product1663919066.webp,40,0,40,0,0,0,0,0,0,0,0
700,Apple,Apple iPhone 12 Mini 128GB,wr-m6/uploads/product1604655780.webp,190,0,190,0,0,0,0,0,0,0,0
1613,Samsung,Samsung Galaxy A14 128GB,wr-m6/uploads/product1680955154.webp,80,0,80,0,0,0,0,0,0,0,0
1614,Oppo,Oppo Find X5  512GB,wr-m6/uploads/product1683038180.webp,100,0,100,0,0,0,0,0,0,0,0
1614,Oppo,Oppo Find X5  256GB,wr-m6/uploads/product1683038180.webp,90,0,90,0,0,0,0,0,0,0,0
1615,Xiaomi,Xiaomi Redmi Note 12 Pro Speed   128GB,wr-m6/uploads/product1683379883.webp,70,0,70,0,0,0,0,0,0,0,0
1616,One Plus,OnePlus 11                       128GB,wr-m6/uploads/product1683723112.webp,150,0,150,0,0,0,0,0,0,0,0
1617,Oppo,Oppo X5 Lite           512GB,wr-m6/uploads/product1683797315.webp,70,0,70,0,0,0,0,0,0,0,0
1617,Oppo,Oppo X5 Lite           256GB,wr-m6/uploads/product1683797315.webp,60,0,60,0,0,0,0,0,0,0,0
1617,Oppo,Oppo X5 Lite           128GB,wr-m6/uploads/product1683797315.webp,50,0,50,0,0,0,0,0,0,0,0
1561,Realme,"Realme Q3s	 256GB",wr-m6/uploads/product1677488927.webp,100,0,100,0,0,0,0,0,0,0,0
1620,Oppo,OPPO find N2 flip  512GB,wr-m6/uploads/product1683981861.webp,200,0,200,0,0,0,0,0,0,0,0
1620,Oppo,OPPO find N2 flip  256GB,wr-m6/uploads/product1683981861.webp,150,0,150,0,0,0,0,0,0,0,0
1620,Oppo,OPPO find N2 flip  128GB,wr-m6/uploads/product1683981861.webp,130,0,130,0,0,0,0,0,0,0,0
1453,Samsung,Samsung Galaxy S23+ 1TB,wr-m6/uploads/product1676457340.webp,450,0,450,0,0,0,0,0,0,0,0
867,Samsung,Samsung Galaxy A13 64GB,wr-m6/uploads/product1650020889.webp,47,0,47,0,0,0,0,0,0,0,0
1217,One Plus,OnePlus Nord N20 5G 128GB,wr-m6/uploads/product1663829723.webp,50,0,50,0,0,0,0,0,0,0,0
1216,One Plus,OnePlus 10R 150W 256GB,wr-m6/uploads/product1663829426.webp,60,0,60,0,0,0,0,0,0,0,0
1214,One Plus,OnePlus Nord CE 2 Lite 5G 128GB,wr-m6/uploads/product1663772513.webp,70,0,70,0,0,0,0,0,0,0,0
1355,Xiaomi,Xiaomi 12 256GB,wr-m6/uploads/product1668166738.webp,150,0,150,0,0,0,0,0,0,0,0
1248,Realme,Xiaomi Redmi Note 11 Pro+ 5G 128GB,wr-m6/uploads/product1663858238.webp,50,0,50,0,0,0,0,0,0,0,0
1622,Xiaomi,Xiaomi Redmi Note 12 Pro 4G 128GB,wr-m6/uploads/product1684241491.webp,70,0,70,0,0,0,0,0,0,0,0
1622,Xiaomi,Xiaomi Redmi Note 12 Pro 4G 256GB,wr-m6/uploads/product1684241491.webp,80,0,80,0,0,0,0,0,0,0,0
1435,Samsung,Samsung Galaxy A04s 64GB,wr-m6/uploads/product1675770458.webp,50,0,50,0,0,0,0,0,0,0,0
1435,Samsung,Samsung Galaxy A04s 128GB,wr-m6/uploads/product1675770458.webp,55,0,55,0,0,0,0,0,0,0,0
